UNITID,INSTNM,STABBR,CONTROL,UGDS,C150_4,RET_FT4,NPT4_PUB,NPT4_PRIV,DEBT_MDN,COSTT4_A,MD_EARN_WNE_P10,PCTPELL,ADM_RATE,NET_PRICE,STUDENT_SUCCESS,DEBT_TO_EARNINGS,BEST_OUTCOME,EARNINGS_PERCENTILE,DEBT_BURDEN_PERCENTILE,OUTCOME_SCORE,AFFORDABILITY_PERCENTILE,ACCESSIBILITY_PERCENTILE
100654,Alabama A & M University,AL,1,6124.0,0.2403,0.6989,17621.0,,16600.0,27153.0,40628.0,0.6298,0.5795,17621,0.37788,0.4085852121689475,24028.0,0.06845238095238096,0.043154761904761904,0.058333333333333334,0.5148809523809523,0.9389880952380952
100663,University of Alabama at Birmingham,AL,1,11635.0,0.6423,0.8009,18749.0,,15832.0,28145.0,54501.0,0.3402,0.8818,18749,0.6898799999999999,0.2904900827507752,38669.0,0.40773809523809523,0.4017857142857143,0.40535714285714286,0.45535714285714285,0.5930059523809523
100706,University of Alabama in Huntsville,AL,1,6591.0,0.6429,0.8425,18796.0,,13905.0,27392.0,61767.0,0.2464,0.6857,18796,0.70278,0.22512020982077807,47862.0,0.6324404761904762,0.7604166666666666,0.6836309523809524,0.45089285714285715,0.3482142857142857
100724,Alabama State University,AL,1,3477.0,0.3034,0.6975,20435.0,,17500.0,23586.0,34502.0,0.7134,0.9755,20435,0.42162999999999995,0.5072169729291056,17001.999999999996,0.03422619047619048,0.008928571428571428,0.024107142857142858,0.38095238095238093,0.9642857142857143
100751,The University of Alabama,AL,1,33227.0,0.7337,0.8949,22420.0,,17986.0,33382.0,59221.0,0.184,0.7665,22420,0.78206,0.30370983266071155,41235.00000000001,0.5714285714285714,0.32589285714285715,0.4732142857142857,0.31547619047619047,0.17113095238095238
100830,Auburn University at Montgomery,AL,1,2542.0,0.326,0.6757,13224.0,,13119.0,21353.0,44391.0,0.4235,0.9157,13224,0.43090999999999996,0.29553287828613906,31272.0,0.12202380952380952,0.36755952380952384,0.22023809523809523,0.7797619047619048,0.7842261904761905
100858,Auburn University,AL,1,26816.0,0.8195,0.9478,24323.0,,17750.0,34919.0,65337.0,0.1253,0.4592,24323,0.85799,0.2716684267719669,47587.0,0.7247023809523809,0.5163690476190477,0.6413690476190477,0.27232142857142855,0.031994047619047616
101480,Jacksonville State University,AL,1,7036.0,0.5472,0.6457,14279.0,,14000.0,24257.0,45235.0,0.426,0.7769,14279,0.57675,0.3094948601746435,31235.000000000004,0.14732142857142858,0.2976190476190476,0.2074404761904762,0.7068452380952381,0.7901785714285714
101587,University of West Alabama,AL,1,2974.0,0.347,0.6488,12684.0,,13000.0,22758.0,44232.0,0.5817,0.4265,12684,0.43754,0.2939048652559233,31232.0,0.11607142857142858,0.37797619047619047,0.22083333333333335,0.8095238095238095,0.9211309523809523
101709,University of Montevallo,AL,1,2151.0,0.541,0.7275,17683.0,,16000.0,27398.0,42957.0,0.3238,0.5385,17683,0.59695,0.37246548874455854,26957.0,0.09077380952380952,0.09672619047619048,0.0931547619047619,0.5119047619047619,0.5565476190476191
101879,University of North Alabama,AL,1,5811.0,0.5491,0.7969,12170.0,,15781.0,23786.0,45415.0,0.2435,0.8731,12170,0.62344,0.34748431135087526,29634.000000000004,0.15922619047619047,0.15625,0.15803571428571428,0.8318452380952381,0.33779761904761907
102049,Samford University,AL,2,4206.0,0.7704,0.9287,,32622.0,15750.0,57456.0,58469.0,0.1109,0.8236,32622,0.81789,0.269373514169902,42718.99999999999,0.5476190476190477,0.53125,0.5410714285714286,0.11458333333333333,0.00744047619047619
102094,University of South Alabama,AL,1,8879.0,0.5267,0.7574,17648.0,,17750.0,25476.0,49379.0,0.3796,0.7096,17648,0.5959099999999999,0.35946454970736547,31629.000000000004,0.25297619047619047,0.12202380952380952,0.20059523809523808,0.5133928571428571,0.6800595238095238
102368,Troy University,AL,1,9805.0,0.503,0.7121,16527.0,,15985.0,23165.0,42062.0,0.4282,0.9604,16527,0.56573,0.380034235176644,26077.000000000004,0.07589285714285714,0.07886904761904762,0.07708333333333334,0.5744047619047619,0.7946428571428571
102377,Tuskegee University,AL,2,2630.0,0.5498,0.8068,,35013.0,21250.0,43454.0,49641.0,0.5767,0.4868,35013,0.6268999999999999,0.4280735682198183,28391.000000000004,0.2619047619047619,0.03273809523809524,0.17023809523809524,0.08779761904761904,0.9196428571428571
148487,Roosevelt University,IL,2,2849.0,0.3514,0.6162,,20194.0,14667.0,35332.0,48712.0,0.5132,0.9716,20194,0.43084,0.3010962391197241,34045.0,0.24107142857142858,0.33630952380952384,0.2791666666666667,0.3854166666666667,0.8764880952380952
148496,Dominican University,IL,2,2561.0,0.5526,0.7793,,11745.0,18750.0,43891.0,60327.0,0.5152,0.9032,11745,0.6206099999999999,0.3108061067183848,41577.0,0.5922619047619048,0.28422619047619047,0.46904761904761905,0.84375,0.8779761904761905
148627,Saint Xavier University,IL,2,3096.0,0.5661,0.7573,,10970.0,16699.0,43244.0,58656.0,0.5887,0.843,10970,0.62346,0.28469380796508453,41957.00000000001,0.5550595238095238,0.43601190476190477,0.5074404761904762,0.8675595238095238,0.9255952380952381
148654,University of Illinois Springfield,IL,1,2263.0,0.5321,0.748,9833.0,,14000.0,25521.0,57103.0,0.3736,0.8588,9833,0.59687,0.2451710067772271,43103.0,0.49702380952380953,0.6741071428571429,0.5678571428571428,0.8988095238095238,0.6711309523809523
149222,Southern Illinois University-Carbondale,IL,1,8494.0,0.6241,0.668,13297.0,,17750.0,28329.0,53390.0,0.3883,0.8688,13297,0.63727,0.33245926203408876,35640.00000000001,0.36607142857142855,0.2113095238095238,0.30416666666666664,0.7752976190476191,0.7075892857142857
149231,Southern Illinois University Edwardsville,IL,1,8750.0,0.5697,0.757,14889.0,,15500.0,28919.0,56346.0,0.3266,0.975,14889,0.62589,0.2750860753203422,40846.0,0.47023809523809523,0.49851190476190477,0.48154761904761906,0.6830357142857143,0.5617559523809523
149772,Western Illinois University,IL,1,4410.0,0.4522,0.6137,12937.0,,19762.0,28254.0,54163.0,0.2806,0.7118,12937,0.50065,0.36486162140206413,34401.0,0.39285714285714285,0.11160714285714286,0.28035714285714286,0.7976190476190477,0.43080357142857145
149781,Wheaton College,IL,2,2121.0,0.8475,0.9259,,26975.0,20000.0,59263.0,63756.0,0.2171,0.874,26975,0.8710199999999999,0.3136959658698789,43756.0,0.7023809523809523,0.27232142857142855,0.5303571428571427,0.22023809523809523,0.27380952380952384
150136,Ball State University,IN,1,13988.0,0.6234,0.777,14940.0,,16904.0,26146.0,51833.0,0.3471,0.855,14940,0.66948,0.32612428375745184,34929.0,0.31398809523809523,0.22916666666666666,0.2800595238095238,0.6800595238095238,0.6145833333333334
150163,Butler University,IN,2,4317.0,0.8038,0.8749,,36041.0,22238.0,65970.0,77235.0,0.1505,0.8508,36041,0.8251299999999999,0.28792645821195056,54997.0,0.8705357142857143,0.4166666666666667,0.6889880952380953,0.08035714285714286,0.0818452380952381
151102,Purdue University Fort Wayne,IN,1,5484.0,0.3627,0.6657,13171.0,,10556.0,22183.0,45872.0,0.2477,0.8389,13171,0.4536,0.23011859086152772,35316.0,0.16964285714285715,0.7351190476190477,0.39583333333333337,0.7849702380952381,0.34970238095238093
151111,Indiana University-Indianapolis,IN,1,13830.0,0.5445,0.7219,11668.0,,13337.0,23316.0,55198.0,0.373,0.7637,11668,0.59772,0.24162107322729084,41861.0,0.43154761904761907,0.6919642857142857,0.5357142857142858,0.8467261904761905,0.6681547619047619
151263,University of Indianapolis,IN,2,3005.0,0.5582,0.7104,,21602.0,18714.0,52590.0,53610.0,0.3258,0.665,21602,0.60386,0.34907666480134303,34896.0,0.375,0.1488095238095238,0.2845238095238095,0.34672619047619047,0.5595238095238095
151324,Indiana State University,IN,1,6188.0,0.4288,0.6585,10873.0,,14574.0,24535.0,48387.0,0.4156,0.8077,10873,0.49771,0.3011966023932048,33813.0,0.23065476190476192,0.33482142857142855,0.2723214285714286,0.875,0.7671130952380952
102614,University of Alaska Fairbanks,AK,1,4207.0,0.3801,0.7406,10892.0,,11283.0,22407.0,48866.0,0.2243,,10892,0.48824999999999996,0.230896738018254,37583.0,0.2425595238095238,0.7336309523809523,0.43898809523809523,0.8735119047619048,0.29017857142857145
104151,Arizona State University Campus Immersion,AZ,1,64674.0,0.6804,0.8664,14967.0,,13610.0,30111.0,62668.0,0.2899,0.8989,14967,0.7362,0.21717623029297248,49058.0,0.6607142857142857,0.7916666666666666,0.713095238095238,0.6785714285714286,0.46577380952380953
104179,University of Arizona,AZ,1,42537.0,0.6752,0.8278,16674.0,,13750.0,29423.0,59979.0,0.257,0.8614,16674,0.72098,0.22924690308274562,46229.0,0.5863095238095238,0.7425595238095238,0.6488095238095238,0.5669642857142857,0.36755952380952384
104586,Embry-Riddle Aeronautical University-Prescott,AZ,2,3218.0,0.6776,0.8216,,40287.0,14250.0,62798.0,84131.0,0.1825,0.7658,40287,0.7207999999999999,0.16937870701643865,69881.0,0.9203869047619048,0.921875,0.9209821428571429,0.044642857142857144,0.16517857142857142
104717,Grand Canyon University,AZ,2,73371.0,0.4346,0.7205,,22472.0,12500.0,32702.0,42186.0,0.4594,0.7891,22472,0.52037,0.2963068316503105,29685.999999999996,0.07886904761904762,0.3630952380952381,0.19255952380952382,0.31101190476190477,0.8273809523809523
105330,Northern Arizona University,AZ,1,22903.0,0.6132,0.7548,14158.0,,12916.0,29933.0,54384.0,0.3126,0.8961,14158,0.6556799999999999,0.23749632244777877,41468.0,0.4017857142857143,0.7098214285714286,0.525,0.7209821428571429,0.5252976190476191
106245,University of Arkansas at Little Rock,AR,1,4949.0,0.4165,0.7647,17248.0,,14500.0,22519.0,45265.0,0.4118,0.5878,17248,0.52096,0.3203358002871976,30764.999999999996,0.1488095238095238,0.25297619047619047,0.19047619047619047,0.5379464285714286,0.7559523809523809
106397,University of Arkansas,AR,1,28677.0,0.7052,0.8637,18209.0,,15749.0,27767.0,58191.0,0.1779,0.743,18209,0.75275,0.2706432266157997,42442.0,0.5357142857142857,0.5223214285714286,0.5303571428571429,0.48214285714285715,0.15625
151342,Indiana University-South Bend,IN,1,3933.0,0.4009,0.6509,8653.0,,12000.0,17364.0,44947.0,0.4267,0.8384,8653,0.4759,0.26698111108639067,32947.0,0.13690476190476192,0.5461309523809523,0.3005952380952381,0.9345238095238095,0.7931547619047619
151351,Indiana University-Bloomington,IN,1,37806.0,0.8021,0.9106,16264.0,,15519.0,28801.0,63742.0,0.1676,0.7821,16264,0.83465,0.24346584669448715,48223.0,0.7008928571428571,0.6830357142857143,0.69375,0.5892857142857143,0.125
151360,Indiana University-Northwest,IN,1,2661.0,0.3738,0.7136,5130.0,,12478.0,13989.0,43361.0,0.4255,0.7339,5130,0.47574,0.28777011600285973,30883.0,0.09970238095238096,0.4181547619047619,0.22708333333333336,0.9776785714285714,0.7886904761904762
151379,Indiana University-Southeast,IN,1,3170.0,0.3919,0.6377,7888.0,,11650.0,16411.0,47596.0,0.3229,0.8446,7888,0.46564000000000005,0.24476846793848223,35946.0,0.20833333333333334,0.6755952380952381,0.3952380952380953,0.9523809523809523,0.5535714285714286
151388,Indiana University-East,IN,1,2589.0,0.3958,0.6176,8134.0,,12000.0,16954.0,47156.0,0.3543,0.6722,8134,0.46234,0.25447451013656797,35156.0,0.1949404761904762,0.6220238095238095,0.36577380952380956,0.9464285714285714,0.6354166666666666
151786,Marian University,IN,2,2266.0,0.6722,0.7588,,24018.0,20000.0,56258.0,58759.0,0.2853,0.9546,24018,0.69818,0.3403733896084004,38759.0,0.5565476190476191,0.18154761904761904,0.40654761904761905,0.2767857142857143,0.4523809523809524
152080,University of Notre Dame,IN,2,8818.0,0.9517,0.9908,,26780.0,19000.0,83271.0,99980.0,0.1374,0.1127,26780,0.96343,0.19003800760152031,80980.0,0.96875,0.8764880952380952,0.931845238095238,0.22172619047619047,0.05357142857142857
152318,Rose-Hulman Institute of Technology,IN,2,2309.0,0.7816,0.9167,,42513.0,21751.0,77890.0,101253.0,0.1181,0.7686,42513,0.8221299999999999,0.21481832637057668,79502.0,0.9717261904761905,0.8005952380952381,0.9032738095238095,0.025297619047619048,0.01488095238095238
152530,Taylor University,IN,2,2025.0,0.7381,0.8929,,24865.0,15500.0,53405.0,52198.0,0.1349,0.7353,24865,0.78454,0.2969462431510786,36698.0,0.3318452380952381,0.3541666666666667,0.34077380952380953,0.2544642857142857,0.052083333333333336
152567,Trine University,IN,2,2324.0,0.6438,0.7994,,25355.0,18500.0,51109.0,57165.0,0.1556,0.8548,25355,0.69048,0.32362459546925565,38665.00000000001,0.5014880952380952,0.24107142857142858,0.39732142857142855,0.24702380952380953,0.09226190476190477
152600,Valparaiso University,IN,2,2083.0,0.7037,0.754,,18578.0,22133.0,58437.0,63191.0,0.2732,0.8943,18578,0.7187899999999999,0.35025557436976784,41058.0,0.6755952380952381,0.14136904761904762,0.46190476190476193,0.4642857142857143,0.40625
153269,Drake University,IA,2,2543.0,0.7403,0.8409,,29127.0,19500.0,64835.0,71901.0,0.2169,0.6385,29127,0.7704799999999999,0.2712062419159678,52401.0,0.8095238095238095,0.5208333333333334,0.694047619047619,0.17559523809523808,0.27232142857142855
153603,Iowa State University,IA,1,25367.0,0.7532,0.8757,18589.0,,18750.0,24018.0,63386.0,0.1877,0.8866,18589,0.7899499999999999,0.29580664500047327,44636.0,0.6815476190476191,0.3645833333333333,0.5547619047619048,0.46279761904761907,0.17782738095238096
106704,University of Central Arkansas,AR,1,7762.0,0.5353,0.7331,16511.0,,13000.0,25029.0,45938.0,0.3798,0.8949,16511,0.59464,0.28299011711437155,32938.0,0.17261904761904762,0.44494047619047616,0.28154761904761905,0.5773809523809523,0.6815476190476191
107044,Harding University,AR,2,3382.0,0.6879,0.864,,22130.0,21601.0,39534.0,52876.0,0.2381,0.7052,22130,0.7407299999999999,0.4085218246463424,31274.999999999996,0.34672619047619047,0.046130952380952384,0.2264880952380952,0.33035714285714285,0.3229166666666667
107983,Southern Arkansas University Main Campus,AR,1,2708.0,0.4882,0.6616,14027.0,,12500.0,24951.0,42386.0,0.482,0.7533,14027,0.5402199999999999,0.29490869626763555,29886.000000000004,0.08333333333333333,0.37202380952380953,0.1988095238095238,0.7321428571428571,0.8511904761904762
108232,Academy of Art University,CA,3,3587.0,0.3432,0.7543,,40613.0,11000.0,48036.0,39008.0,0.4104,,40613,0.46653,0.28199343724364234,28008.0,0.05357142857142857,0.4494047619047619,0.21190476190476193,0.041666666666666664,0.7470238095238095
109651,Art Center College of Design,CA,2,2017.0,0.7917,0.8594,,48661.0,26000.0,75649.0,71958.0,0.216,0.7454,48661,0.8120099999999999,0.3613218822090664,45957.99999999999,0.8125,0.12053571428571429,0.5357142857142857,0.01488095238095238,0.26785714285714285
109785,Azusa Pacific University,CA,2,2759.0,0.6179,0.8402,,22212.0,19710.0,56313.0,66677.0,0.3515,0.8843,22212,0.6845899999999999,0.2956041813518905,46967.0,0.7395833333333334,0.36607142857142855,0.5901785714285714,0.3273809523809524,0.625
110097,Biola University,CA,2,3474.0,0.676,0.839,,31495.0,19000.0,62757.0,56778.0,0.2604,0.7435,31495,0.7249,0.334636655042446,37778.0,0.4806547619047619,0.20089285714285715,0.36874999999999997,0.12946428571428573,0.375
153658,University of Iowa,IA,1,22264.0,0.7463,0.9036,22531.0,,18207.0,28596.0,64762.0,0.1835,0.8362,22531,0.7934899999999999,0.281137086563108,46555.0,0.7172619047619048,0.4568452380952381,0.6130952380952381,0.3080357142857143,0.16741071428571427
154022,The University of Arizona Global Campus,AZ,1,20152.0,0.1068,0.3473,,31266.0,9500.0,37594.0,35404.0,0.3207,,31266,0.17895,0.2683312620042933,25904.000000000004,0.03571428571428571,0.5386904761904762,0.23690476190476192,0.13839285714285715,0.5491071428571429
154095,University of Northern Iowa,IA,1,7529.0,0.6792,0.8166,15901.0,,16486.0,22278.0,55177.0,0.2739,0.9274,15901,0.72042,0.2987839135871831,38691.0,0.43005952380952384,0.34523809523809523,0.3961309523809524,0.6101190476190477,0.40922619047619047
154712,Benedictine College,KS,2,2272.0,0.6158,0.8323,,27891.0,18570.0,52206.0,53175.0,0.1878,0.9812,27891,0.68075,0.34922425952045133,34605.0,0.3586309523809524,0.14434523809523808,0.27291666666666664,0.20238095238095238,0.1800595238095238
155025,Emporia State University,KS,1,2239.0,0.561,0.7685,16261.0,,14000.0,21967.0,47601.0,0.3449,0.9771,16261,0.62325,0.2941114682464654,33601.0,0.2113095238095238,0.37648809523809523,0.2773809523809524,0.5907738095238095,0.6078869047619048
155061,Fort Hays State University,KS,1,9733.0,0.477,0.7688,12569.0,,14250.0,19909.0,48928.0,0.2278,0.9026,12569,0.56454,0.2912442773054284,34678.0,0.24404761904761904,0.3943452380952381,0.30416666666666664,0.8125,0.3005952380952381
155317,University of Kansas,KS,1,21217.0,0.6881,0.8649,18059.0,,15500.0,26751.0,61945.0,0.2047,0.9348,18059,0.7411399999999999,0.25022197110339817,46445.0,0.6339285714285714,0.6339285714285714,0.6339285714285714,0.4895833333333333,0.23660714285714285
155399,Kansas State University,KS,1,15142.0,0.7108,0.8559,19406.0,,17294.0,27402.0,57262.0,0.2071,0.8169,19406,0.75433,0.3020152981034543,39968.0,0.5059523809523809,0.33035714285714285,0.4357142857142857,0.41517857142857145,0.24107142857142858
155681,Pittsburg State University,KS,1,4210.0,0.5659,0.7719,15784.0,,14000.0,22099.0,50579.0,0.3046,0.8942,15784,0.6276999999999999,0.2767947171751122,36579.0,0.2857142857142857,0.4851190476190476,0.36547619047619045,0.6205357142857143,0.5044642857142857
156082,Washburn University,KS,1,4562.0,0.5296,0.6803,15280.0,,12500.0,21512.0,49774.0,0.3359,,15280,0.5748099999999999,0.2511351307911761,37274.0,0.2648809523809524,0.6324404761904762,0.4119047619047619,0.65625,0.5833333333333334
156125,Wichita State University,KS,1,10780.0,0.5103,0.693,13194.0,,14700.0,21780.0,51532.0,0.3055,0.9395,13194,0.56511,0.2852596444927424,36832.0,0.30654761904761907,0.43005952380952384,0.355952380952381,0.78125,0.5089285714285714
156286,Bellarmine University,KY,2,2161.0,0.6436,0.7512,,21499.0,20000.0,61691.0,62069.0,0.3071,0.8611,21499,0.6758799999999999,0.322222043209976,42069.0,0.6354166666666666,0.24702380952380953,0.48005952380952377,0.35119047619047616,0.5148809523809523
156365,Campbellsville University,KY,2,2840.0,0.4201,0.645,,19341.0,9500.0,42603.0,41583.0,0.2005,0.7974,19341,0.48756999999999995,0.22845874516028183,32083.0,0.0744047619047619,0.7455357142857143,0.34285714285714286,0.41964285714285715,0.22172619047619047
156471,Galen College of Nursing-Louisville,KY,3,4801.0,0.6146,0.7959,,18540.0,16500.0,,61480.0,0.2461,,18540,0.66899,0.2683799609629148,44980.0,0.6235119047619048,0.5372023809523809,0.5889880952380953,0.46875,0.34672619047619047
156541,University of the Cumberlands,KY,2,6941.0,0.5043,0.743,,14107.0,8592.0,25567.0,45036.0,0.5338,0.9881,14107,0.5759099999999999,0.19078070876632028,36444.0,0.14136904761904762,0.8735119047619048,0.4342261904761905,0.7232142857142857,0.8883928571428571
156620,Eastern Kentucky University,KY,1,12318.0,0.5004,0.7693,11040.0,,14929.0,23735.0,45795.0,0.411,0.7761,11040,0.58107,0.3259962878043455,30866.0,0.16666666666666666,0.23065476190476192,0.19226190476190474,0.8630952380952381,0.7507440476190477
110361,California Baptist University,CA,2,8179.0,0.6188,0.7436,,26285.0,20500.0,54038.0,61504.0,0.4206,0.8488,26285,0.6562399999999999,0.3333116545265349,41004.0,0.625,0.20833333333333334,0.45833333333333337,0.23214285714285715,0.7797619047619048
110413,California Lutheran University,CA,2,2296.0,0.696,0.7878,,30109.0,18970.0,68426.0,68712.0,0.3109,0.7567,30109,0.7235399999999998,0.276079869600652,49742.0,0.7648809523809523,0.49107142857142855,0.6553571428571427,0.15773809523809523,0.5223214285714286
110422,California Polytechnic State University-San Luis Obispo,CA,1,21996.0,0.864,0.9555,16665.0,,15396.0,32265.0,90768.0,0.1924,0.3132,16665,0.8914500000000001,0.16961924907456372,75372.0,0.9523809523809523,0.9196428571428571,0.9392857142857143,0.5684523809523809,0.19642857142857142
110486,California State University-Bakersfield,CA,1,8577.0,0.498,0.7883,5652.0,,11270.0,19522.0,59009.0,0.6065,0.9385,5652,0.5850899999999999,0.1909878154179871,47738.99999999999,0.5639880952380952,0.8720238095238095,0.687202380952381,0.9747023809523809,0.9330357142857143
110495,California State University-Stanislaus,CA,1,8385.0,0.5345,0.8246,6067.0,,11750.0,19739.0,63188.0,0.5519,0.9814,6067,0.6215299999999999,0.1859530290561499,51437.99999999999,0.6741071428571429,0.8883928571428571,0.7598214285714286,0.9717261904761905,0.8958333333333334
110510,California State University-San Bernardino,CA,1,15023.0,0.549,0.7959,4564.0,,12445.0,17427.0,59977.0,0.5762,0.9374,4564,0.62307,0.20749620687930373,47532.0,0.5848214285714286,0.8288690476190477,0.6824404761904763,0.9851190476190477,0.9181547619047619
110529,California State Polytechnic University-Pomona,CA,1,25042.0,0.6843,0.8738,11531.0,,13437.0,23955.0,71902.0,0.4633,0.7517,11531,0.74115,0.18687936357820367,58465.0,0.8110119047619048,0.8809523809523809,0.8389880952380953,0.8526785714285714,0.8348214285714286
110538,California State University-Chico,CA,1,13631.0,0.6278,0.8163,14480.0,,14500.0,26283.0,64172.0,0.4252,0.9272,14480,0.68435,0.22595524527831454,49672.0,0.7098214285714286,0.7574404761904762,0.7288690476190476,0.6979166666666666,0.7872023809523809
110547,California State University-Dominguez Hills,CA,1,12538.0,0.4279,0.7365,8615.0,,11902.0,23191.0,57162.0,0.6333,0.933,8615,0.5204799999999999,0.2082152478919562,45260.0,0.5,0.8244047619047619,0.6297619047619047,0.9375,0.9419642857142857
110556,California State University-Fresno,CA,1,21605.0,0.5696,0.8157,7000.0,,12463.0,20095.0,61244.0,0.5697,0.9526,7000,0.64343,0.2034974854679642,48781.0,0.6101190476190477,0.8377976190476191,0.7011904761904763,0.9657738095238095,0.9151785714285714
110565,California State University-Fullerton,CA,1,38546.0,0.7018,0.8242,6555.0,,12000.0,18269.0,62951.0,0.4807,0.9052,6555,0.73852,0.1906244539403663,50951.0,0.6696428571428571,0.875,0.7517857142857143,0.9672619047619048,0.8497023809523809
110574,California State University-East Bay,CA,1,9809.0,0.4795,0.7569,9320.0,,12500.0,22850.0,71401.0,0.444,0.9739,9320,0.5627199999999999,0.17506757608436857,58901.00000000001,0.8005952380952381,0.9107142857142857,0.8446428571428573,0.9166666666666666,0.8110119047619048
110583,California State University-Long Beach,CA,1,35924.0,0.6888,0.868,10440.0,,12227.0,22679.0,64403.0,0.5018,0.4627,10440,0.7425599999999999,0.18985140443768148,52176.0,0.7142857142857143,0.8779761904761905,0.7797619047619048,0.8883928571428571,0.8660714285714286
110592,California State University-Los Angeles,CA,1,19562.0,0.5298,0.7185,3967.0,,11966.0,18403.0,59211.0,0.663,0.9125,3967,0.58641,0.2020908277178227,47245.0,0.5699404761904762,0.84375,0.6794642857142856,0.9895833333333334,0.9538690476190477
110608,California State University-Northridge,CA,1,32691.0,0.5695,0.7344,7021.0,,12000.0,20485.0,59115.0,0.5607,0.9345,7021,0.61897,0.20299416391778735,47115.0,0.5669642857142857,0.8422619047619048,0.6770833333333333,0.9627976190476191,0.90625
110617,California State University-Sacramento,CA,1,28350.0,0.5629,0.8191,9338.0,,12500.0,22945.0,64876.0,0.4913,0.9399,9338,0.6397599999999999,0.1926752574141439,52376.0,0.7217261904761905,0.8690476190476191,0.7806547619047619,0.9151785714285714,0.8556547619047619
110635,University of California-Berkeley,CA,1,33068.0,0.9284,0.9679,13481.0,,12000.0,45619.0,92446.0,0.2864,0.1098,13481,0.94025,0.12980550808039287,80446.0,0.9598214285714286,0.9791666666666666,0.9675595238095238,0.7559523809523809,0.45461309523809523
110644,University of California-Davis,CA,1,32253.0,0.8567,0.9281,14741.0,,11000.0,41238.0,80838.0,0.3135,0.4183,14741,0.87812,0.13607461837254756,69838.0,0.9002976190476191,0.9717261904761905,0.9288690476190475,0.6860119047619048,0.5282738095238095
110653,University of California-Irvine,CA,1,30197.0,0.8687,0.9405,14251.0,,13820.0,38632.0,80735.0,0.361,0.2857,14251,0.89024,0.1711773084783551,66915.0,0.8988095238095238,0.9181547619047619,0.906547619047619,0.7157738095238095,0.6443452380952381
110662,University of California-Los Angeles,CA,1,33475.0,0.9262,0.9731,12548.0,,12983.0,38614.0,82511.0,0.2824,0.0897,12548,0.9402699999999999,0.15734871714074486,69528.0,0.90625,0.9449404761904762,0.9217261904761904,0.8162202380952381,0.44047619047619047
110671,University of California-Riverside,CA,1,22593.0,0.7596,0.876,14304.0,,14944.0,38942.0,67699.0,0.4695,0.7639,14304,0.7945199999999999,0.22074181302530319,52755.0,0.7514880952380952,0.7782738095238095,0.7622023809523809,0.7053571428571429,0.8407738095238095
110680,University of California-San Diego,CA,1,34948.0,0.8605,0.9402,12470.0,,14778.0,38701.0,84943.0,0.342,0.2671,12470,0.8844099999999999,0.1739754894458637,70165.0,0.9270833333333334,0.9151785714285714,0.9223214285714286,0.8199404761904762,0.5982142857142857
110705,University of California-Santa Barbara,CA,1,23113.0,0.8303,0.93,16109.0,,11875.0,41573.0,74915.0,0.2785,0.3297,16109,0.86021,0.15851298137889608,63039.99999999999,0.8482142857142857,0.9375,0.8839285714285714,0.6011904761904762,0.41964285714285715
110714,University of California-Santa Cruz,CA,1,17940.0,0.7509,0.8795,17890.0,,14334.0,41179.0,68396.0,0.3157,0.6579,17890,0.78948,0.20957365927832036,54062.0,0.7604166666666666,0.8199404761904762,0.7842261904761905,0.49851190476190477,0.5357142857142857
111948,Chapman University,CA,2,7478.0,0.8188,0.9181,,46555.0,17750.0,83146.0,70070.0,0.1939,0.6543,46555,0.84859,0.2533181104609676,52320.0,0.7827380952380952,0.6235119047619048,0.719047619047619,0.017857142857142856,0.20163690476190477
115755,California State Polytechnic University-Humboldt,CA,1,5612.0,0.4855,0.7599,13171.0,,14500.0,25170.0,47626.0,0.4287,0.982,13171,0.56782,0.3044555494897745,33126.0,0.21279761904761904,0.31994047619047616,0.2556547619047619,0.7849702380952381,0.7961309523809523
157085,University of Kentucky,KY,1,24763.0,0.7142,0.8684,18851.0,,16750.0,34391.0,59025.0,0.2252,0.9294,18851,0.7604599999999999,0.28377806014400675,42275.0,0.5654761904761905,0.44047619047619047,0.5154761904761904,0.44642857142857145,0.2931547619047619
157289,University of Louisville,KY,1,14727.0,0.6123,0.8149,17988.0,,13750.0,32941.0,53899.0,0.306,0.7941,17988,0.6730799999999999,0.2551067737805896,40149.0,0.38392857142857145,0.6116071428571429,0.47500000000000003,0.49255952380952384,0.5104166666666666
157386,Morehead State University,KY,1,4578.0,0.5219,0.6501,9793.0,,14705.0,21961.0,43197.0,0.2955,0.7721,9793,0.56036,0.34041715859897675,28492.0,0.09672619047619048,0.1800595238095238,0.13005952380952382,0.9017857142857143,0.47767857142857145
157401,Murray State University,KY,1,6688.0,0.6132,0.7565,9096.0,,15000.0,23485.0,44737.0,0.3332,0.8568,9096,0.6561899999999999,0.33529293426023205,29737.0,0.13095238095238096,0.1949404761904762,0.15654761904761905,0.9255952380952381,0.5803571428571429
157447,Northern Kentucky University,KY,1,8246.0,0.5224,0.7551,8191.0,,15159.0,19725.0,50220.0,0.2523,0.6765,8191,0.5922099999999999,0.30185185185185187,35061.0,0.2767857142857143,0.3333333333333333,0.2994047619047619,0.9449404761904762,0.3601190476190476
157951,Western Kentucky University,KY,1,12155.0,0.5556,0.7831,10990.0,,14702.0,24188.0,43889.0,0.3048,0.9387,10990,0.62385,0.33498143042675843,29187.0,0.10863095238095238,0.19940476190476192,0.1449404761904762,0.8653273809523809,0.5059523809523809
159009,Grambling State University,LA,1,4164.0,0.3616,0.6608,19809.0,,24500.0,25367.0,41109.0,0.7497,0.4486,19809,0.45136,0.5959765501471698,16608.999999999996,0.07142857142857142,0.002976190476190476,0.044047619047619044,0.39880952380952384,0.9747023809523809
159382,Louisiana State University at Alexandria,LA,1,5632.0,0.3422,0.6952,7065.0,,10500.0,15550.0,42205.0,0.3538,0.9208,7065,0.44809999999999994,0.2487856888994195,31704.999999999996,0.0818452380952381,0.6458333333333334,0.3074404761904762,0.9583333333333334,0.6331845238095238
159391,Louisiana State University and Agricultural & Mechanical College,LA,1,30594.0,0.6881,0.8474,19151.0,,12956.0,34705.0,61251.0,0.2655,0.7333,19151,0.7358899999999999,0.21152307717425023,48295.0,0.6116071428571429,0.8095238095238095,0.6907738095238096,0.4270833333333333,0.3854166666666667
159416,Louisiana State University-Shreveport,LA,1,2153.0,0.3754,0.8315,7022.0,,15000.0,19461.0,47477.0,0.3862,0.5055,7022,0.51223,0.31594245634728396,32477.000000000004,0.20386904761904762,0.2663690476190476,0.22886904761904764,0.9613095238095238,0.6934523809523809
159647,Louisiana Tech University,LA,1,8312.0,0.6382,0.822,11864.0,,15000.0,24280.0,52279.0,0.2168,0.864,11864,0.69334,0.2869220910881998,37279.00000000001,0.3333333333333333,0.4211309523809524,0.368452380952381,0.8392857142857143,0.2708333333333333
159656,Loyola University New Orleans,LA,2,2812.0,0.5903,0.8006,,23696.0,18500.0,64157.0,52927.0,0.3732,0.9305,23696,0.65339,0.34953804296483837,34427.0,0.34970238095238093,0.14285714285714285,0.2669642857142857,0.2857142857142857,0.6696428571428571
159717,McNeese State University,LA,1,5005.0,0.4704,0.6844,12493.0,,13000.0,22810.0,46453.0,0.3459,0.7827,12493,0.5346,0.2798527543969173,33453.0,0.17559523809523808,0.46577380952380953,0.29166666666666663,0.8184523809523809,0.6101190476190477
159939,University of New Orleans,LA,1,4638.0,0.3799,0.6679,12384.0,,11000.0,23431.0,47872.0,0.3912,0.7431,12384,0.46630000000000005,0.22977941176470587,36872.0,0.21875,0.7380952380952381,0.4264880952380953,0.8244047619047619,0.7142857142857143
159966,Nicholls State University,LA,1,4737.0,0.538,0.766,12947.0,,13156.0,23481.0,45454.0,0.3407,0.908,12947,0.6064,0.2894354732256787,32297.999999999996,0.16071428571428573,0.40922619047619047,0.26011904761904764,0.7946428571428571,0.5952380952380952
159993,University of Louisiana at Monroe,LA,1,5022.0,0.542,0.7275,13466.0,,15000.0,24932.0,46769.0,0.3477,0.8475,13466,0.59765,0.3207252667365135,31769.0,0.18452380952380953,0.25148809523809523,0.21130952380952384,0.7589285714285714,0.6190476190476191
160038,Northwestern State University of Louisiana,LA,1,5519.0,0.432,0.7087,13606.0,,15000.0,25431.0,47021.0,0.3524,0.9254,13606,0.51501,0.3190064013951213,32021.000000000004,0.18898809523809523,0.25892857142857145,0.21696428571428572,0.7440476190476191,0.6294642857142857
160612,Southeastern Louisiana University,LA,1,9514.0,0.4541,0.7253,13154.0,,11077.0,23604.0,46482.0,0.3326,0.9931,13154,0.5354599999999999,0.23830730175121553,35405.0,0.17857142857142858,0.7053571428571429,0.38928571428571435,0.7886904761904762,0.5773809523809523
160621,Southern University and A & M College,LA,1,5519.0,0.2709,0.6031,20077.0,,15455.0,26341.0,43371.0,0.6814,0.3512,20077,0.37055999999999994,0.3563441008969127,27916.0,0.10119047619047619,0.13095238095238096,0.11309523809523811,0.3913690476190476,0.9583333333333334
160658,University of Louisiana at Lafayette,LA,1,12428.0,0.5263,0.7428,13530.0,,14991.0,24884.0,47089.0,0.4151,0.8701,13530,0.5912499999999999,0.31835460510947355,32098.0,0.19196428571428573,0.2604166666666667,0.21934523809523812,0.7514880952380952,0.7633928571428571
160755,Tulane University of Louisiana,LA,2,7767.0,0.8614,0.9255,,39949.0,19250.0,87004.0,63268.0,0.0976,0.1398,39949,0.88063,0.3042612379085794,44018.0,0.6785714285714286,0.3229166666666667,0.5363095238095238,0.049107142857142856,0.002976190476190476
160904,Xavier University of Louisiana,LA,2,2628.0,0.4855,0.7168,,17127.0,14000.0,40434.0,52184.0,0.5419,0.6904,17127,0.55489,0.26828146558332056,38184.0,0.33035714285714285,0.5401785714285714,0.41428571428571426,0.5491071428571429,0.8913690476190477
161086,Colby College,ME,2,2407.0,0.8879,0.9365,,17180.0,15000.0,85420.0,80490.0,0.1432,0.0709,17180,0.90248,0.18635855385762207,65490.00000000001,0.8943452380952381,0.8839285714285714,0.8901785714285715,0.5416666666666666,0.061755952380952384
161217,University of Maine at Augusta,ME,1,2659.0,0.2698,0.6,10924.0,,13215.0,19052.0,40342.0,0.3296,,10924,0.36885999999999997,0.3275742402458976,27126.999999999996,0.06696428571428571,0.22023809523809523,0.1282738095238095,0.8705357142857143,0.5729166666666666
161253,University of Maine,ME,1,8496.0,0.5494,0.8336,17510.0,,16750.0,27328.0,48653.0,0.2327,0.9664,17510,0.63466,0.3442747620907241,31903.000000000004,0.23958333333333334,0.1636904761904762,0.20922619047619045,0.5238095238095238,0.31547619047619047
161457,University of New England,ME,2,2135.0,0.6835,0.7942,,38107.0,20000.0,63245.0,55921.0,0.1178,0.9163,38107,0.71671,0.35764739543284274,35921.0,0.4494047619047619,0.12648809523809523,0.3202380952380952,0.06101190476190476,0.013392857142857142
161554,University of Southern Maine,ME,1,4222.0,0.4035,0.7394,13596.0,,12887.0,23717.0,49958.0,0.2828,0.7923,13596,0.50427,0.25795668361423596,37071.0,0.26785714285714285,0.5997023809523809,0.4005952380952381,0.7470238095238095,0.44419642857142855
161572,Unity Environmental University,ME,2,6483.0,0.2867,0.3611,,19104.0,4752.0,21931.0,37852.0,0.6391,,19104,0.30902,0.1255415830075029,33100.0,0.047619047619047616,0.9821428571428571,0.42142857142857143,0.43154761904761907,0.9434523809523809
162007,Bowie State University,MD,1,5043.0,0.382,0.6819,19298.0,,12861.0,25220.0,54537.0,0.4435,0.7241,19298,0.47196999999999995,0.2358215523406128,41676.0,0.40922619047619047,0.7142857142857143,0.53125,0.4211309523809524,0.8095238095238095
162584,Frostburg State University,MD,1,2909.0,0.4966,0.6928,16715.0,,14867.0,27056.0,55493.0,0.3221,0.8918,16715,0.55546,0.26790766402969746,40626.0,0.4375,0.5446428571428571,0.48035714285714287,0.5654761904761905,0.5520833333333334
162928,Johns Hopkins University,MD,2,5693.0,0.9378,0.9809,,18809.0,9000.0,85947.0,87555.0,0.1949,0.0644,18809,0.9507299999999999,0.1027925304094569,78555.0,0.9389880952380952,0.9940476190476191,0.9610119047619048,0.4486607142857143,0.20386904761904762
163046,Loyola University Maryland,MD,2,3869.0,0.7919,0.8711,,30574.0,23882.0,74055.0,82652.0,0.2037,0.7549,30574,0.81566,0.2889464259788027,58770.0,0.9077380952380952,0.41220238095238093,0.7095238095238094,0.15029761904761904,0.23363095238095238
163204,University of Maryland Global Campus,MD,1,49664.0,0.3333,0.5538,22063.0,,10500.0,25400.0,65287.0,0.2938,,22063,0.39944999999999997,0.16082834254905265,54787.0,0.7232142857142857,0.9330357142857143,0.8071428571428572,0.33482142857142855,0.47470238095238093
163268,University of Maryland-Baltimore County,MD,1,10701.0,0.7001,0.8505,16467.0,,15750.0,28576.0,69960.0,0.3004,0.7243,16467,0.74522,0.2251286449399657,54210.0,0.78125,0.7589285714285714,0.7723214285714286,0.5803571428571429,0.49107142857142855
163286,University of Maryland-College Park,MD,1,30760.0,0.8859,0.962,15678.0,,17000.0,29299.0,82860.0,0.1939,0.4479,15678,0.9087299999999999,0.20516533912623702,65860.0,0.9122023809523809,0.8333333333333334,0.8806547619047619,0.6264880952380952,0.20163690476190477
163338,University of Maryland Eastern Shore,MD,1,2391.0,0.3533,0.6179,13338.0,,18500.0,25941.0,47697.0,0.5571,0.9641,13338,0.43267999999999995,0.3878650648887771,29196.999999999996,0.21428571428571427,0.06398809523809523,0.15416666666666665,0.7678571428571429,0.9032738095238095
163453,Morgan State University,MD,1,9019.0,0.4087,0.7334,14985.0,,19500.0,25413.0,50698.0,0.5655,0.8223,14985,0.5061100000000001,0.3846305574184386,31198.000000000004,0.28869047619047616,0.0744047619047619,0.20297619047619045,0.6755952380952381,0.9107142857142857
163851,Salisbury University,MD,1,6057.0,0.6815,0.7766,17743.0,,15750.0,28310.0,61515.0,0.2586,0.8747,17743,0.7100299999999999,0.25603511338697876,45765.00000000001,0.6264880952380952,0.6086309523809523,0.6193452380952381,0.5059523809523809,0.37351190476190477
164076,Towson University,MD,1,16136.0,0.6946,0.8277,17413.0,,15362.0,28535.0,64390.0,0.3579,0.8197,17413,0.7345299999999999,0.2385774188538593,49028.0,0.7127976190476191,0.7038690476190477,0.7092261904761905,0.5297619047619048,0.6398809523809523
164173,Stevenson University,MD,2,3102.0,0.6849,0.7879,,26505.0,21500.0,58394.0,62079.0,0.3088,0.7891,26505,0.7157999999999999,0.34633289840364695,40579.00000000001,0.6369047619047619,0.16220238095238096,0.4470238095238095,0.2261904761904762,0.5163690476190477
164580,Babson College,MA,2,2728.0,0.9312,0.9457,,40514.0,19000.0,80192.0,123938.0,0.1628,0.1709,40514,0.9355499999999999,0.15330245768045314,104938.0,0.9955357142857143,0.9508928571428571,0.9776785714285714,0.043154761904761904,0.11160714285714286
164739,Bentley University,MA,2,4474.0,0.8679,0.9268,,37930.0,24007.0,79548.0,120959.0,0.1607,0.4505,37930,0.88557,0.19847220959167983,96952.0,0.9940476190476191,0.8541666666666666,0.9380952380952381,0.06398809523809523,0.10491071428571429
164748,Berklee College of Music,MA,2,7468.0,0.6731,0.8857,,49465.0,15750.0,72700.0,33647.0,0.1618,0.4353,49465,0.73688,0.4680952239426992,17897.0,0.02976190476190476,0.01636904761904762,0.024404761904761905,0.011904761904761904,0.10863095238095238
164924,Boston College,MA,2,10085.0,0.9083,0.9602,,41704.0,17962.0,89493.0,103937.0,0.1291,0.1643,41704,0.92387,0.17281622521335038,85975.0,0.9836309523809523,0.9166666666666666,0.956845238095238,0.026785714285714284,0.041666666666666664
164988,Boston University,MA,2,18248.0,0.8866,0.9472,,24402.0,21500.0,86285.0,83238.0,0.1915,0.1111,24402,0.9047799999999999,0.2582954900406065,61738.0,0.9166666666666666,0.5952380952380952,0.7880952380952381,0.2663690476190476,0.19196428571428573
165015,Brandeis University,MA,2,3618.0,0.8603,0.8702,,35736.0,23250.0,86448.0,77231.0,0.1497,0.405,35736,0.8632699999999999,0.30104491719646254,53981.0,0.8690476190476191,0.33779761904761907,0.6565476190476192,0.08482142857142858,0.07886904761904762
165024,Bridgewater State University,MA,1,7829.0,0.5341,0.7512,16383.0,,18746.0,26160.0,57466.0,0.3194,0.8781,16383,0.5992299999999999,0.32621028086172693,38720.0,0.5148809523809523,0.22767857142857142,0.39999999999999997,0.5833333333333334,0.5446428571428571
165334,Clark University,MA,2,2214.0,0.7694,0.8617,,28714.0,22141.0,68432.0,62381.0,0.2313,0.3954,28714,0.79709,0.3549317901284045,40240.0,0.6532738095238095,0.13541666666666666,0.44613095238095235,0.18898809523809523,0.3132440476190476
165662,Emerson College,MA,2,3870.0,0.7711,0.8736,,49180.0,19000.0,80399.0,62832.0,0.1551,0.5131,49180,0.80185,0.3023936847466259,43832.0,0.6651785714285714,0.3288690476190476,0.5306547619047619,0.013392857142857142,0.08928571428571429
165699,Endicott College,MA,2,3125.0,0.7556,0.8436,,40654.0,23250.0,59328.0,58336.0,0.13,0.7121,40654,0.7819999999999999,0.3985532089961602,35086.0,0.5372023809523809,0.05357142857142857,0.34374999999999994,0.04017857142857143,0.044642857142857144
165820,Fitchburg State University,MA,1,2752.0,0.5512,0.6947,14262.0,,18220.0,25555.0,53874.0,0.3279,0.8693,14262,0.59425,0.338196532650258,35654.0,0.38244047619047616,0.1875,0.3044642857142857,0.7113095238095238,0.5654761904761905
165866,Framingham State University,MA,1,2566.0,0.478,0.7099,16114.0,,17224.0,27413.0,52349.0,0.3688,0.8361,16114,0.5475699999999999,0.3290225219201895,35125.0,0.33779761904761907,0.21875,0.29017857142857145,0.5997023809523809,0.6592261904761905
166027,Harvard University,MA,2,7601.0,0.9758,0.983,,19066.0,12500.0,85540.0,101817.0,0.1643,0.0365,19066,0.9779599999999999,0.12276928214345345,89317.0,0.9732142857142857,0.9851190476190477,0.9779761904761904,0.4367559523809524,0.11607142857142858
166124,College of the Holy Cross,MA,2,3106.0,0.8733,0.9478,,38782.0,25879.0,80334.0,90543.0,0.148,0.1761,38782,0.8956499999999998,0.2858199971284362,64664.0,0.9508928571428571,0.4255952380952381,0.7407738095238094,0.05505952380952381,0.0744047619047619
166513,University of Massachusetts-Lowell,MA,1,11434.0,0.6482,0.8399,17163.0,,18250.0,30786.0,64874.0,0.3,0.8304,17163,0.70571,0.28131454820112833,46624.0,0.7202380952380952,0.4538690476190476,0.6136904761904762,0.5446428571428571,0.48735119047619047
166629,University of Massachusetts-Amherst,MA,1,23671.0,0.8326,0.9191,22383.0,,20000.0,34549.0,71631.0,0.1994,0.5973,22383,0.8585499999999999,0.2792087224804903,51631.00000000001,0.8065476190476191,0.47172619047619047,0.6726190476190477,0.31845238095238093,0.21875
166638,University of Massachusetts-Boston,MA,1,11512.0,0.4941,0.7041,17707.0,,15000.0,30544.0,65865.0,0.4155,0.8378,17707,0.5570999999999999,0.2277385561375541,50865.0,0.7336309523809523,0.7485119047619048,0.7395833333333333,0.5096726190476191,0.7648809523809523
166656,Massachusetts College of Pharmacy and Health Sciences,MA,2,3451.0,0.6202,0.7396,,39545.0,25000.0,65022.0,125557.0,0.3006,0.8521,39545,0.6560199999999999,0.19911275357009167,100557.0,0.9985119047619048,0.8526785714285714,0.9401785714285714,0.050595238095238096,0.49404761904761907
166683,Massachusetts Institute of Technology,MA,2,4535.0,0.9641,0.9908,,20111.0,12462.0,82730.0,143372.0,0.1932,0.0455,20111,0.97211,0.08692073766146807,130910.00000000001,1.0,0.9985119047619048,0.9994047619047619,0.38839285714285715,0.19940476190476192
166850,Merrimack College,MA,2,3916.0,0.7005,0.7927,,37927.0,23750.0,70038.0,75584.0,0.1558,0.7002,37927,0.7281599999999999,0.3142199407281964,51834.0,0.8571428571428571,0.2708333333333333,0.6226190476190476,0.06547619047619048,0.09523809523809523
166939,Mount Holyoke College,MA,2,2169.0,0.8439,0.8859,,26441.0,18258.0,84926.0,58418.0,0.2189,0.3603,26441,0.8565,0.312540655277483,40160.0,0.5431547619047619,0.2767857142857143,0.4366071428571428,0.23065476190476192,0.28273809523809523
167358,Northeastern University,MA,2,17326.0,0.9054,0.969,,30915.0,22000.0,84641.0,92538.0,0.1234,0.0522,30915,0.9244799999999999,0.2377401716051784,70538.0,0.9613095238095238,0.7083333333333334,0.8601190476190477,0.14434523809523808,0.023809523809523808
167729,Salem State University,MA,1,4291.0,0.4977,0.7525,15996.0,,19500.0,28291.0,56662.0,0.3538,0.9588,15996,0.57414,0.34414598849317,37162.0,0.47767857142857145,0.16517857142857142,0.3526785714285714,0.6056547619047619,0.6331845238095238
167835,Smith College,MA,2,2544.0,0.8905,0.943,,27579.0,13500.0,86030.0,64027.0,0.1788,0.21,27579,0.90625,0.21084854826869914,50527.0,0.7083333333333334,0.8169642857142857,0.7517857142857143,0.20833333333333334,0.15997023809523808
167987,University of Massachusetts-Dartmouth,MA,1,5221.0,0.5207,0.636,20927.0,,18133.0,33485.0,68804.0,0.3702,0.9064,20927,0.5552900000000001,0.26354572408580895,50671.0,0.7678571428571429,0.5699404761904762,0.6886904761904762,0.3645833333333333,0.6622023809523809
167996,Stonehill College,MA,2,2528.0,0.76,0.8396,,33016.0,23472.0,72714.0,77745.0,0.1706,0.6628,33016,0.7838799999999999,0.3019100906810727,54273.0,0.8735119047619048,0.3318452380952381,0.6568452380952381,0.10714285714285714,0.13392857142857142
168005,Suffolk University,MA,2,4268.0,0.6088,0.7543,,29618.0,20500.0,65281.0,67506.0,0.2995,0.8233,29618,0.65245,0.30367671021835096,47006.0,0.7485119047619048,0.3273809523809524,0.5800595238095239,0.1636904761904762,0.48214285714285715
168148,Tufts University,MA,2,7061.0,0.9351,0.955,,39998.0,15043.0,88300.0,83214.0,0.1204,0.1149,39998,0.94107,0.18077486961328623,68171.0,0.9151785714285714,0.8988095238095238,0.9086309523809524,0.047619047619047616,0.020833333333333332
168218,Wellesley College,MA,2,2300.0,0.9153,0.965,,25496.0,8700.0,86290.0,84803.0,0.2113,0.1405,25496,0.93021,0.10259071023430776,76103.0,0.9255952380952381,0.9955357142857143,0.9535714285714286,0.2425595238095238,0.25744047619047616
168227,Wentworth Institute of Technology,MA,2,3747.0,0.6824,0.8376,,34170.0,18500.0,61096.0,82721.0,0.2311,0.9121,34170,0.72896,0.22364333119764027,64221.0,0.9092261904761905,0.7663690476190477,0.8520833333333333,0.09970238095238096,0.31101190476190477
168254,Western New England University,MA,2,2603.0,0.6398,0.7397,,27290.0,19500.0,60262.0,73157.0,0.2446,0.8348,27290,0.66977,0.26655002255423266,53657.0,0.8244047619047619,0.5520833333333334,0.7154761904761905,0.2113095238095238,0.34226190476190477
168263,Westfield State University,MA,1,3615.0,0.5441,0.739,16721.0,,15250.0,27649.0,57346.0,0.3295,0.8141,16721,0.6025699999999999,0.26592962020018834,42095.99999999999,0.5119047619047619,0.5550595238095238,0.5291666666666667,0.5639880952380952,0.5714285714285714
168342,Williams College,MA,2,2076.0,0.9361,0.9685,,17716.0,11667.0,84860.0,88665.0,0.1761,0.0825,17716,0.94582,0.13158518017255963,76998.0,0.9434523809523809,0.9776785714285714,0.9571428571428571,0.5074404761904762,0.1488095238095238
168421,Worcester Polytechnic Institute,MA,2,5447.0,0.8971,0.9366,,43071.0,26978.0,78679.0,103470.0,0.1188,0.6016,43071,0.9089499999999999,0.2607325794916401,76492.0,0.9821428571428571,0.5833333333333334,0.8226190476190476,0.023809523809523808,0.017857142857142856
168430,Worcester State University,MA,1,3930.0,0.6145,0.7814,13381.0,,13916.0,22874.0,60624.0,0.3,0.8799,13381,0.66457,0.2295460543679071,46708.0,0.6041666666666666,0.7410714285714286,0.6589285714285714,0.7619047619047619,0.48735119047619047
168847,Baker College,MI,2,3026.0,0.3583,0.661,,13157.0,16753.0,24526.0,35833.0,0.3768,0.8187,13157,0.44911,0.4675299305109815,19080.0,0.03869047619047619,0.017857142857142856,0.030357142857142857,0.7872023809523809,0.6770833333333334
169080,Calvin University,MI,2,3193.0,0.7406,0.8676,,22992.0,19500.0,54222.0,58375.0,0.1743,0.7091,22992,0.7787,0.3340471092077088,38874.99999999999,0.5401785714285714,0.20386904761904762,0.40565476190476185,0.3005952380952381,0.14583333333333334
169248,Central Michigan University,MI,1,10035.0,0.5872,0.7536,17597.0,,23183.0,30681.0,55874.0,0.3143,0.8982,17597,0.63712,0.4149157031893188,32691.0,0.4479166666666667,0.03571428571428571,0.2830357142857143,0.5178571428571429,0.53125
169479,Davenport University,MI,2,3134.0,0.5659,0.8205,,17707.0,17353.0,37319.0,45099.0,0.338,0.9784,17707,0.64228,0.38477571564779706,27745.999999999996,0.14583333333333334,0.07142857142857142,0.11607142857142858,0.5096726190476191,0.5877976190476191
169716,University of Detroit Mercy,MI,2,2438.0,0.672,0.8349,,15232.0,19950.0,42211.0,71030.0,0.2634,0.7542,15232,0.7208699999999999,0.28086723919470646,51080.0,0.7961309523809523,0.4583333333333333,0.6610119047619047,0.6622023809523809,0.38095238095238093
169798,Eastern Michigan University,MI,1,10055.0,0.4644,0.6875,15407.0,,18750.0,29640.0,51793.0,0.3664,0.7964,15407,0.53133,0.3620180333249667,33043.0,0.31101190476190477,0.11607142857142858,0.2330357142857143,0.6413690476190477,0.6532738095238095
169910,Ferris State University,MI,1,8106.0,0.4687,0.7762,8624.0,,15500.0,27048.0,54735.0,0.3423,0.9139,8624,0.56095,0.28318260710696996,39235.0,0.41220238095238093,0.44345238095238093,0.42470238095238094,0.9360119047619048,0.5997023809523809
170082,Grand Valley State University,MI,1,18854.0,0.6701,0.7632,16317.0,,19500.0,28367.0,56118.0,0.2923,0.8302,16317,0.6980299999999999,0.3474820913076018,36618.00000000001,0.4583333333333333,0.15773809523809523,0.33809523809523806,0.5863095238095238,0.47023809523809523
170301,Hope College,MI,2,3288.0,0.7995,0.8837,,27182.0,23250.0,55646.0,58427.0,0.1648,0.7924,27182,0.8247599999999999,0.3979324627312715,35177.0,0.5446428571428571,0.05654761904761905,0.3494047619047619,0.21577380952380953,0.11755952380952381
170976,University of Michigan-Ann Arbor,MI,1,34177.0,0.932,0.9747,13138.0,,17625.0,34654.0,83648.0,0.1813,0.1564,13138,0.9448099999999999,0.2107043802601377,66023.0,0.9181547619047619,0.8184523809523809,0.8782738095238094,0.7916666666666666,0.16294642857142858
171100,Michigan State University,MI,1,40922.0,0.8072,0.9005,19680.0,,19500.0,32198.0,67253.0,0.2009,0.848,19680,0.83519,0.28994989071119504,47753.0,0.7455357142857143,0.40476190476190477,0.6092261904761905,0.40327380952380953,0.22470238095238096
171128,Michigan Technological University,MI,1,5955.0,0.6806,0.8882,14182.0,,20500.0,34152.0,78198.0,0.2023,0.9243,14182,0.74288,0.2621550423284483,57698.00000000001,0.8794642857142857,0.5773809523809523,0.7586309523809524,0.71875,0.22916666666666666
171137,University of Michigan-Dearborn,MI,1,5952.0,0.5798,0.8249,9492.0,,17000.0,24040.0,59649.0,0.4624,0.5561,9492,0.65333,0.28500058676591394,42648.99999999999,0.5788690476190477,0.4330357142857143,0.5205357142857143,0.9092261904761905,0.8318452380952381
171146,University of Michigan-Flint,MI,1,4411.0,0.4031,0.7778,7007.0,,18494.0,20915.0,53230.0,0.386,0.7046,7007,0.5155099999999999,0.3474356565846327,34736.0,0.3601190476190476,0.15922619047619047,0.27976190476190477,0.9642857142857143,0.6919642857142857
171456,Northern Michigan University,MI,1,6556.0,0.5214,0.7796,14085.0,,13750.0,27841.0,47107.0,0.2795,0.8402,14085,0.59886,0.29188867896490966,33357.0,0.19345238095238096,0.38839285714285715,0.27142857142857146,0.7261904761904762,0.42485119047619047
171571,Oakland University,MI,1,12351.0,0.5756,0.7794,9120.0,,16787.0,25182.0,58612.0,0.3198,0.8784,9120,0.63674,0.2864089264996929,41824.99999999999,0.5535714285714286,0.4226190476190476,0.5011904761904762,0.9241071428571429,0.5476190476190477
172051,Saginaw Valley State University,MI,1,5989.0,0.4825,0.7757,10775.0,,17500.0,24936.0,51955.0,0.3517,0.7207,10775,0.57046,0.336829948994322,34455.0,0.3229166666666667,0.19345238095238096,0.2711309523809524,0.8809523809523809,0.6264880952380952
172644,Wayne State University,MI,1,15587.0,0.5844,0.8265,12766.0,,16597.0,27350.0,53493.0,0.4569,0.8116,12766,0.65703,0.3102648944721739,36896.0,0.36904761904761907,0.28720238095238093,0.33630952380952384,0.8035714285714286,0.8244047619047619
172699,Western Michigan University,MI,1,12568.0,0.5757,0.8112,15273.0,,20115.0,29237.0,53562.0,0.2675,0.846,15273,0.64635,0.3755460961129159,33447.0,0.37351190476190477,0.09077380952380952,0.2604166666666667,0.6577380952380952,0.38913690476190477
173045,Augsburg University,MN,2,2494.0,0.5167,0.7233,,23873.0,19500.0,62303.0,58829.0,0.5614,0.8198,23873,0.5786800000000001,0.33146917336687687,39329.0,0.5595238095238095,0.21279761904761904,0.4208333333333333,0.27976190476190477,0.9077380952380952
173124,Bemidji State University,MN,1,3139.0,0.4787,0.7267,15261.0,,13809.0,22744.0,53755.0,0.2832,0.5598,15261,0.5531,0.2568877313738257,39946.0,0.3794642857142857,0.6026785714285714,0.46875,0.6607142857142857,0.44642857142857145
173258,Carleton College,MN,2,2086.0,0.896,0.9647,,25407.0,15960.0,84893.0,75525.0,0.1653,0.2041,25407,0.9166099999999999,0.21132075471698114,59565.0,0.8541666666666666,0.8110119047619048,0.8369047619047618,0.24404761904761904,0.11979166666666667
173328,Concordia University-Saint Paul,MN,2,3018.0,0.459,0.6739,,18462.0,12166.0,37239.0,59871.0,0.3522,0.7887,18462,0.52347,0.2032035543084298,47705.0,0.5818452380952381,0.8407738095238095,0.6854166666666668,0.47172619047619047,0.6279761904761905
173902,Macalester College,MN,2,2131.0,0.871,0.9228,,32149.0,19500.0,82991.0,63878.0,0.1723,0.2852,32149,0.8865399999999999,0.3052694198315539,44377.99999999999,0.7038690476190477,0.3169642857142857,0.5491071428571428,0.12053571428571429,0.14285714285714285
173920,Minnesota State University-Mankato,MN,1,11703.0,0.5395,0.8025,19139.0,,14000.0,23995.0,56922.0,0.2096,0.8844,19139,0.6184,0.24595059906538771,42922.0,0.4880952380952381,0.6666666666666666,0.5595238095238095,0.42857142857142855,0.25
174020,Metropolitan State University,MN,1,5616.0,0.4357,0.6754,16863.0,,12900.0,25172.0,64705.0,0.4755,0.9871,16863,0.50761,0.19936635499574995,51805.0,0.7157738095238095,0.8511904761904762,0.7699404761904762,0.5505952380952381,0.8452380952380952
174066,University of Minnesota-Twin Cities,MN,1,31855.0,0.8528,0.9112,16778.0,,16727.0,30061.0,69020.0,0.1765,0.7975,16778,0.87032,0.24235004346566213,52293.0,0.7708333333333334,0.6889880952380952,0.7380952380952381,0.5595238095238095,0.15029761904761904
174233,University of Minnesota-Duluth,MN,1,7336.0,0.6472,0.8114,18743.0,,16000.0,27680.0,62616.0,0.1879,0.8875,18743,0.69646,0.25552574421873003,46616.00000000001,0.6592261904761905,0.6101190476190477,0.6395833333333334,0.45982142857142855,0.18154761904761904
174358,Minnesota State University Moorhead,MN,1,3072.0,0.5732,0.7496,17997.0,,15000.0,25197.0,50527.0,0.2795,0.5876,17997,0.62612,0.29687097987214756,35527.0,0.28422619047619047,0.3556547619047619,0.31279761904761905,0.49107142857142855,0.42485119047619047
174783,Saint Cloud State University,MN,1,5088.0,0.4032,0.7065,13529.0,,14362.0,21116.0,55813.0,0.2167,0.948,13529,0.49419,0.25732356261086126,41451.00000000001,0.44642857142857145,0.6011904761904762,0.5083333333333333,0.7529761904761905,0.2693452380952381
174844,St Olaf College,MN,2,3093.0,0.84,0.9223,,23874.0,23250.0,71843.0,65543.0,0.2121,0.4832,23874,0.86469,0.3547289565628671,42293.0,0.7261904761904762,0.13690476190476192,0.49047619047619045,0.27827380952380953,0.25967261904761907
174914,University of St Thomas,MN,2,6245.0,0.7638,0.8845,,29155.0,19500.0,66116.0,73739.0,0.2177,0.8536,29155,0.80001,0.26444622248742183,54239.00000000001,0.8318452380952381,0.5654761904761905,0.725297619047619,0.17410714285714285,0.27827380952380953
175005,St Catherine University,MN,2,2473.0,0.6125,0.8034,,19764.0,19716.0,60476.0,59282.0,0.4007,0.9185,19764,0.66977,0.3325798724739381,39566.0,0.5758928571428571,0.20982142857142858,0.42946428571428563,0.40029761904761907,0.7291666666666666
175078,Southwest Minnesota State University,MN,1,2315.0,0.451,0.7371,15291.0,,14250.0,24757.0,51342.0,0.1207,0.6218,15291,0.5368299999999999,0.27755054341474816,37092.0,0.3020833333333333,0.47767857142857145,0.3723214285714286,0.6532738095238095,0.022321428571428572
175272,Winona State University,MN,1,5144.0,0.5694,0.7904,17503.0,,15000.0,23683.0,58532.0,0.2422,0.7549,17503,0.6356999999999999,0.25627007448916833,43531.99999999999,0.5505952380952381,0.6071428571428571,0.5732142857142857,0.5252976190476191,0.33630952380952384
175342,Alcorn State University,MS,1,2363.0,0.5736,0.7665,13265.0,,17021.0,23751.0,36421.0,0.6978,0.4533,13265,0.63147,0.46734027072293455,19400.0,0.044642857142857144,0.019345238095238096,0.034523809523809526,0.7767857142857143,0.9598214285714286
175856,Jackson State University,MS,1,4600.0,0.5091,0.6235,23836.0,,24751.0,32415.0,39060.0,0.7232,0.9315,23836,0.54342,0.6336661546338965,14309.000000000002,0.05505952380952381,0.001488095238095238,0.03363095238095238,0.28125,0.9732142857142857
176017,University of Mississippi,MS,1,21473.0,0.7174,0.8721,13314.0,,15250.0,28660.0,50994.0,0.2173,0.9658,13314,0.7638099999999999,0.2990547907596972,35744.0,0.2961309523809524,0.34375,0.3151785714285714,0.7723214285714286,0.27529761904761907
176053,Mississippi Christian University,MS,2,2518.0,0.5934,0.7776,,27712.0,17759.0,41214.0,47485.0,0.2964,0.2911,27712,0.64866,0.3739917868800674,29726.0,0.20535714285714285,0.09523809523809523,0.1613095238095238,0.20386904761904762,0.4791666666666667
176080,Mississippi State University,MS,1,18397.0,0.6667,0.825,17595.0,,16324.0,29267.0,51513.0,0.2933,0.7764,17595,0.7141899999999999,0.31689088191330345,35189.0,0.30505952380952384,0.2648809523809524,0.28898809523809527,0.5193452380952381,0.47172619047619047
176372,University of Southern Mississippi,MS,1,10075.0,0.4906,0.7209,21708.0,,14250.0,26566.0,44140.0,0.4628,0.9912,21708,0.5596899999999999,0.3228364295423652,29890.000000000004,0.1130952380952381,0.2425595238095238,0.16488095238095238,0.3392857142857143,0.8333333333333334
176479,William Carey University,MS,2,2201.0,0.5978,0.7794,,14258.0,15796.0,29651.0,43087.0,0.2711,0.6029,14258,0.65228,0.3666070972683176,27291.000000000004,0.09375,0.10863095238095238,0.09970238095238096,0.7142857142857143,0.39732142857142855
176965,University of Central Missouri,MO,1,5648.0,0.5408,0.7363,14462.0,,15750.0,22947.0,49560.0,0.2678,0.638,14462,0.5994499999999999,0.3177966101694915,33810.0,0.25744047619047616,0.2619047619047619,0.25922619047619044,0.6994047619047619,0.39285714285714285
177065,Columbia College,MO,2,4950.0,0.4219,0.7509,,22715.0,14750.0,37207.0,45378.0,0.4465,,22715,0.5206,0.32504737978756226,30628.0,0.15327380952380953,0.23958333333333334,0.18779761904761905,0.30505952380952384,0.8139880952380952
177968,Lindenwood University,MO,2,4624.0,0.4933,0.6563,,19638.0,20500.0,35436.0,53278.0,0.2998,0.5684,19638,0.5422,0.3847742032358572,32778.0,0.3630952380952381,0.07291666666666667,0.2470238095238095,0.40476190476190477,0.4851190476190476
178059,Maryville University of Saint Louis,MO,2,5658.0,0.6622,0.8467,,22066.0,10041.0,41959.0,62105.0,0.3641,0.9508,22066,0.7175499999999999,0.1616778037195073,52064.0,0.6391369047619048,0.9285714285714286,0.7549107142857143,0.3333333333333333,0.6502976190476191
178341,Missouri Southern State University,MO,1,3019.0,0.4158,0.6278,12007.0,,11650.0,19568.0,42620.0,0.3402,0.9703,12007,0.4794,0.27334584702017833,30969.999999999996,0.08630952380952381,0.5089285714285714,0.25535714285714284,0.8348214285714286,0.5930059523809523
178387,Missouri Western State University,MO,1,2219.0,0.3854,0.5379,13251.0,,11920.0,21595.0,42647.0,0.2844,,13251,0.43115000000000003,0.27950383379839144,30726.999999999996,0.08779761904761904,0.46875,0.2401785714285714,0.7782738095238095,0.4494047619047619
178396,University of Missouri-Columbia,MO,1,23929.0,0.7494,0.9268,20268.0,,16500.0,31713.0,63403.0,0.2007,0.7847,20268,0.8026199999999999,0.26024005173256787,46903.0,0.6830357142857143,0.5863095238095238,0.6443452380952381,0.38244047619047616,0.22321428571428573
178402,University of Missouri-Kansas City,MO,1,6817.0,0.5546,0.7536,13310.0,,14835.0,25320.0,59637.0,0.2639,0.7218,13310,0.6143,0.24875496755369988,44802.0,0.5773809523809523,0.6473214285714286,0.6053571428571428,0.7738095238095238,0.38244047619047616
178411,Missouri University of Science and Technology,MO,1,5521.0,0.6437,0.8656,16298.0,,19000.0,29231.0,82957.0,0.2279,0.7255,16298,0.71027,0.22903431898453416,63957.0,0.9136904761904762,0.7440476190476191,0.8458333333333332,0.5877976190476191,0.3020833333333333
178420,University of Missouri-St Louis,MO,1,5024.0,0.5664,0.7361,15071.0,,16500.0,31199.0,53037.0,0.1835,0.6267,15071,0.61731,0.3111035692064031,36537.0,0.3541666666666667,0.28273809523809523,0.3255952380952381,0.6696428571428571,0.16741071428571427
178615,Truman State University,MO,1,2513.0,0.6853,0.8474,12780.0,,16679.0,25115.0,56280.0,0.1654,0.8377,12780,0.73393,0.29635749822316987,39601.0,0.46577380952380953,0.36160714285714285,0.4241071428571429,0.8005952380952381,0.12202380952380952
178624,Northwest Missouri State University,MO,1,4378.0,0.5423,0.7392,16244.0,,14927.0,24945.0,47885.0,0.2727,0.8609,16244,0.60137,0.3117260102328495,32958.0,0.22023809523809523,0.27976190476190477,0.24404761904761907,0.5922619047619048,0.40327380952380953
178721,Park University,MO,2,4555.0,0.3843,0.5762,,21032.0,12500.0,29427.0,56309.0,0.4092,,21032,0.44187,0.22198938002805946,43809.0,0.46726190476190477,0.7723214285714286,0.5892857142857143,0.3601190476190476,0.7440476190476191
179159,Saint Louis University,MO,2,7267.0,0.7953,0.8784,,24398.0,19500.0,71932.0,70783.0,0.1689,0.7504,24398,0.8202299999999999,0.27548987751296217,51283.0,0.7916666666666666,0.49255952380952384,0.6720238095238096,0.26785714285714285,0.13095238095238096
179557,Southeast Missouri State University,MO,1,6373.0,0.5793,0.7576,15882.0,,14750.0,25177.0,44030.0,0.304,0.7352,15882,0.63279,0.3349988644106291,29280.0,0.11086309523809523,0.19791666666666666,0.1456845238095238,0.6130952380952381,0.5014880952380952
179566,Missouri State University-Springfield,MO,1,13313.0,0.5791,0.7725,17613.0,,16200.0,25048.0,49827.0,0.2201,0.9053,17613,0.6371199999999999,0.3251249322656391,33627.0,0.2663690476190476,0.23660714285714285,0.2544642857142857,0.5163690476190477,0.2857142857142857
179867,Washington University in St Louis,MO,2,7857.0,0.9426,0.9495,,21786.0,15000.0,88488.0,86182.0,0.1775,0.1206,21786,0.9446699999999999,0.17405026571673898,71182.0,0.9315476190476191,0.9136904761904762,0.924404761904762,0.33779761904761907,0.15476190476190477
179894,Webster University,MO,2,2304.0,0.6439,0.6866,,27047.0,18500.0,51188.0,50876.0,0.2882,0.8623,27047,0.6567099999999999,0.3636292161333438,32375.999999999996,0.2916666666666667,0.1130952380952381,0.22023809523809526,0.21875,0.46130952380952384
180179,Montana State University Billings,MT,1,2626.0,0.3004,0.5556,16524.0,,10086.0,20054.0,44296.0,0.2544,,16524,0.37695999999999996,0.22769550297995303,34210.0,0.11755952380952381,0.75,0.3705357142857143,0.5758928571428571,0.3645833333333333
180461,Montana State University,MT,1,14451.0,0.5708,0.7852,22499.0,,13748.0,25905.0,53263.0,0.1639,0.8214,22499,0.6351199999999999,0.2581153896701275,39515.0,0.36160714285714285,0.5982142857142857,0.45625,0.30952380952380953,0.1130952380952381
180489,The University of Montana,MT,1,7488.0,0.4796,0.7477,16784.0,,15000.0,23570.0,44511.0,0.2803,0.9586,16784,0.56003,0.3369953494641774,29511.0,0.12797619047619047,0.19047619047619047,0.1529761904761905,0.5580357142857143,0.42857142857142855
180814,Bellevue University,NE,2,10220.0,0.3295,0.5793,,17550.0,11000.0,23531.0,61289.0,0.3004,,17550,0.40444,0.1794775571472858,50289.00000000001,0.6145833333333334,0.9017857142857143,0.7294642857142858,0.5208333333333334,0.49107142857142855
181002,Creighton University,NE,2,4348.0,0.8336,0.9415,,31568.0,21500.0,63423.0,73911.0,0.1152,0.7975,31568,0.8659699999999999,0.2908903952050439,52411.0,0.8348214285714286,0.3958333333333333,0.6592261904761905,0.12797619047619047,0.010416666666666666
181215,University of Nebraska at Kearney,NE,1,4088.0,0.5774,0.7996,16242.0,,13070.0,25808.0,50105.0,0.3693,0.8949,16242,0.64406,0.2608522103582477,37035.0,0.2708333333333333,0.5818452380952381,0.3952380952380953,0.59375,0.6607142857142857
181394,University of Nebraska at Omaha,NE,1,11488.0,0.4708,0.7787,13441.0,,12750.0,21120.0,53909.0,0.3465,0.8698,13441,0.56317,0.23650967370939918,41159.0,0.3854166666666667,0.7113095238095238,0.5157738095238096,0.7604166666666666,0.6130952380952381
181464,University of Nebraska-Lincoln,NE,1,19178.0,0.6697,0.8599,17747.0,,14750.0,26697.0,56887.0,0.2277,0.8749,17747,0.7267599999999999,0.2592859528539034,42137.0,0.4851190476190476,0.5907738095238095,0.5273809523809524,0.5044642857142857,0.29836309523809523
181783,Wayne State College,NE,1,3010.0,0.5215,0.7239,15360.0,,12240.0,22565.0,47075.0,0.258,,15360,0.58222,0.2600106213489113,34835.0,0.19047619047619047,0.5877976190476191,0.3494047619047619,0.6458333333333334,0.3705357142857143
182281,University of Nevada-Las Vegas,NV,1,24622.0,0.5051,0.7922,10359.0,,12500.0,19638.0,55037.0,0.401,0.9617,10359,0.5912299999999999,0.2271199374965932,42537.0,0.4211309523809524,0.7529761904761905,0.5538690476190476,0.8898809523809523,0.7321428571428571
182290,University of Nevada-Reno,NV,1,15599.0,0.6124,0.7966,15927.0,,13000.0,25786.0,60614.0,0.2289,0.7371,15927,0.6676599999999999,0.21447190418055234,47614.00000000001,0.6011904761904762,0.8035714285714286,0.6821428571428572,0.6086309523809523,0.30505952380952384
182670,Dartmouth College,NH,2,4541.0,0.9554,0.9842,,29519.0,15157.0,87793.0,97434.0,0.1435,0.054,29519,0.9640399999999999,0.15556171357021162,82277.0,0.9657738095238095,0.9464285714285714,0.9580357142857142,0.16815476190476192,0.06398809523809523
183026,Southern New Hampshire University,NH,2,163164.0,0.4283,0.6112,,36708.0,9169.0,40918.0,50318.0,0.4875,0.9951,36708,0.48317,0.18222107396955364,41149.0,0.28125,0.8958333333333334,0.5270833333333333,0.0744047619047619,0.8526785714285714
183044,University of New Hampshire-Main Campus,NH,1,11261.0,0.7607,0.8727,23805.0,,22498.0,35537.0,66479.0,0.1813,0.8816,23805,0.7943,0.33842265978730124,43981.0,0.7380952380952381,0.18601190476190477,0.5172619047619048,0.28273809523809523,0.16294642857142858
183062,Keene State College,NH,1,2699.0,0.6006,0.7868,17887.0,,19500.0,29993.0,54368.0,0.2616,0.9033,17887,0.65646,0.3586668628605062,34868.0,0.40029761904761907,0.125,0.29017857142857145,0.5,0.37797619047619047
183080,Plymouth State University,NH,1,3153.0,0.5203,0.6845,19216.0,,17000.0,29644.0,57304.0,0.2809,0.8754,19216,0.56956,0.2966634091860952,40304.00000000001,0.5104166666666666,0.3586309523809524,0.4497023809523809,0.42410714285714285,0.43526785714285715
183239,Saint Anselm College,NH,2,2087.0,0.8003,0.8813,,34779.0,26987.0,67213.0,73371.0,0.1135,0.7805,34779,0.8246,0.36781562197598505,46384.0,0.8273809523809523,0.1056547619047619,0.5386904761904762,0.09077380952380952,0.008928571428571428
184603,Fairleigh Dickinson University-Metropolitan Campus,NJ,2,2627.0,0.5332,0.7698,,15404.0,19500.0,50305.0,57273.0,0.2195,0.9071,15404,0.6041799999999999,0.34047456916871827,37772.99999999999,0.5074404761904762,0.17857142857142858,0.37589285714285714,0.6428571428571429,0.28422619047619047
184782,Rowan University,NJ,1,15841.0,0.6736,0.8234,22408.0,,16750.0,35842.0,59988.0,0.3306,0.7766,22408,0.71854,0.27922251116890046,43238.0,0.5877976190476191,0.47023809523809523,0.5407738095238095,0.3169642857142857,0.5744047619047619
185129,New Jersey City University,NJ,1,3681.0,0.3389,0.6482,16053.0,,14250.0,28255.0,52745.0,0.5248,0.9838,16053,0.43168999999999996,0.2701677884159636,38494.99999999999,0.34523809523809523,0.5238095238095238,0.4166666666666667,0.6026785714285714,0.8839285714285714
185262,Kean University,NJ,1,11433.0,0.4657,0.7607,12447.0,,17199.0,26949.0,57237.0,0.4793,0.759,12447,0.5542,0.3004874469311809,40038.0,0.5044642857142857,0.3392857142857143,0.43839285714285714,0.8214285714285714,0.8482142857142857
185572,Monmouth University,NJ,2,3684.0,0.719,0.7986,,30988.0,23250.0,62904.0,67991.0,0.3045,0.8902,30988,0.74288,0.34195702372372816,44741.0,0.7559523809523809,0.17261904761904762,0.5226190476190475,0.14136904761904762,0.5029761904761905
185590,Montclair State University,NJ,1,18376.0,0.6466,0.7789,15566.0,,17500.0,28305.0,61415.0,0.4699,0.8789,15566,0.6862899999999998,0.28494667426524467,43915.0,0.6220238095238095,0.43452380952380953,0.5470238095238096,0.6309523809523809,0.8422619047619048
185828,New Jersey Institute of Technology,NJ,1,9019.0,0.7276,0.8954,16504.0,,17500.0,32859.0,84276.0,0.3956,0.6507,16504,0.77794,0.20765105130760833,66776.0,0.9226190476190477,0.8273809523809523,0.8845238095238095,0.5788690476190477,0.7217261904761905
186131,Princeton University,NJ,2,5709.0,0.9761,0.9835,,6128.0,10000.0,84040.0,110066.0,0.1924,0.0462,6128,0.9783199999999999,0.0908545781621936,100066.0,0.9895833333333334,0.9970238095238095,0.9925595238095238,0.96875,0.19642857142857142
186201,Ramapo College of New Jersey,NJ,1,4898.0,0.6981,0.8361,18173.0,,15000.0,29483.0,67541.0,0.2823,0.7064,18173,0.7395,0.22208732473608622,52541.00000000001,0.75,0.7693452380952381,0.7577380952380952,0.4836309523809524,0.43898809523809523
186283,Rider University,NJ,2,3106.0,0.6133,0.7836,,24792.0,20500.0,55967.0,62208.0,0.3473,0.7864,24792,0.6643899999999999,0.32953960905349794,41708.0,0.6488095238095238,0.21726190476190477,0.4761904761904762,0.25595238095238093,0.6160714285714286
186371,Rutgers University-Camden,NJ,1,3753.0,0.6667,0.8,18745.0,,19000.0,35178.0,74479.0,0.4771,0.6629,18745,0.7066899999999999,0.2551054659702735,55479.0,0.8392857142857143,0.6145833333333334,0.7494047619047619,0.4575892857142857,0.8467261904761905
186380,Rutgers University-New Brunswick,NJ,1,37751.0,0.8363,0.9302,24406.0,,19000.0,36993.0,74479.0,0.279,0.5815,24406,0.86447,0.2551054659702735,55479.0,0.8392857142857143,0.6145833333333334,0.7494047619047619,0.2648809523809524,0.4226190476190476
186399,Rutgers University-Newark,NJ,1,7709.0,0.6375,0.8382,19703.0,,19000.0,35654.0,74479.0,0.5881,0.7136,19703,0.6977099999999998,0.2551054659702735,55479.0,0.8392857142857143,0.6145833333333334,0.7494047619047619,0.4017857142857143,0.9241071428571429
186432,Saint Peter's University,NJ,2,2135.0,0.5826,0.7178,,12199.0,16091.0,50272.0,57815.0,0.5198,0.903,12199,0.6231599999999999,0.27831877540430683,41724.0,0.5238095238095238,0.4732142857142857,0.5035714285714286,0.8303571428571429,0.8809523809523809
186584,Seton Hall University,NJ,2,6036.0,0.6949,0.8145,,31446.0,17886.0,68263.0,70196.0,0.3249,0.7326,31446,0.7307799999999999,0.2548008433528976,52309.99999999999,0.7857142857142857,0.6190476190476191,0.719047619047619,0.13541666666666666,0.5580357142857143
186867,Stevens Institute of Technology,NJ,2,4222.0,0.8688,0.9364,,41346.0,23250.0,79790.0,108772.0,0.2043,0.4758,41346,0.8890799999999999,0.21374986209686317,85522.0,0.9880952380952381,0.8065476190476191,0.9154761904761906,0.03125,0.23511904761904762
186876,Stockton University,NJ,1,7537.0,0.6854,0.7859,20670.0,,16380.0,35139.0,57602.0,0.4228,0.8894,20670,0.71555,0.28436512621089544,41222.0,0.5193452380952381,0.4375,0.4866071428571429,0.37351190476190477,0.78125
187134,The College of New Jersey,NJ,1,7105.0,0.8585,0.9132,27646.0,,21500.0,38860.0,73323.0,0.2097,0.6229,27646,0.87491,0.2932231359873437,51823.00000000001,0.8258928571428571,0.38392857142857145,0.6491071428571429,0.20535714285714285,0.25148809523809523
187444,William Paterson University of New Jersey,NJ,1,6614.0,0.4396,0.7394,18745.0,,15750.0,28476.0,57780.0,0.4653,0.9008,18745,0.52954,0.27258566978193144,42030.0,0.5223214285714286,0.5119047619047619,0.518154761904762,0.4575892857142857,0.8377976190476191
187648,Eastern New Mexico University-Main Campus,NM,1,3357.0,0.4509,0.6203,4904.0,,11000.0,18940.0,38550.0,0.3571,0.9166,4904,0.5017199999999999,0.2853437094682231,27550.0,0.050595238095238096,0.42857142857142855,0.2017857142857143,0.9806547619047619,0.6383928571428571
187985,University of New Mexico-Main Campus,NM,1,17244.0,0.5469,0.7617,15489.0,,13698.0,21259.0,44792.0,0.3873,0.9518,15489,0.61134,0.3058135381318092,31094.0,0.1324404761904762,0.31547619047619047,0.2056547619047619,0.6369047619047619,0.7001488095238095
188030,New Mexico State University-Main Campus,NM,1,11946.0,0.5517,0.7338,8889.0,,10250.0,23274.0,39067.0,0.3849,0.8897,8889,0.60633,0.26236977500191977,28817.0,0.05654761904761905,0.5758928571428571,0.2642857142857143,0.9300595238095238,0.6875
188304,Western New Mexico University,NM,1,2026.0,0.3223,0.5805,8522.0,,12500.0,21562.0,39095.0,0.4345,,8522,0.39976,0.3197339813275355,26595.0,0.05803571428571429,0.25595238095238093,0.13720238095238096,0.9404761904761905,0.8020833333333334
188429,Adelphi University,NY,2,5276.0,0.6715,0.8286,,30783.0,20500.0,63189.0,75482.0,0.3103,0.6591,30783,0.71863,0.27158792824779415,54982.0,0.8526785714285714,0.5178571428571429,0.71875,0.1488095238095238,0.5208333333333334
189088,Bard College,NY,2,2414.0,0.6756,0.8458,,34649.0,19000.0,84553.0,46543.0,0.1667,0.5212,34649,0.7266599999999999,0.4082246524719077,27542.999999999996,0.18154761904761904,0.047619047619047616,0.12797619047619047,0.09375,0.12351190476190477
189097,Barnard College,NY,2,3264.0,0.9302,0.9657,,28800.0,15750.0,89538.0,80516.0,0.1586,0.0884,28800,0.94085,0.19561329425207413,64766.0,0.8958333333333334,0.8601190476190477,0.881547619047619,0.18303571428571427,0.09821428571428571
190044,Clarkson University,NY,2,2196.0,0.7491,0.8478,,30305.0,21714.0,79022.0,89696.0,0.2157,0.7736,30305,0.77871,0.24208437388512308,67982.0,0.9464285714285714,0.6904761904761905,0.844047619047619,0.15476190476190477,0.265625
190099,Colgate University,NY,2,3180.0,0.9117,0.9343,,28786.0,13000.0,87070.0,85139.0,0.1252,0.1388,28786,0.91848,0.15269148098991062,72139.0,0.9285714285714286,0.9538690476190477,0.9386904761904762,0.18452380952380953,0.02976190476190476
190150,Columbia University in the City of New York,NY,2,8973.0,0.961,0.98,,21590.0,18750.0,89472.0,102491.0,0.2271,0.0399,21590,0.9666999999999999,0.18294289254666263,83741.0,0.9761904761904762,0.8943452380952381,0.9434523809523809,0.3482142857142857,0.29464285714285715
190415,Cornell University,NY,2,15995.0,0.9538,0.9838,,28690.0,13000.0,88140.0,104043.0,0.1841,0.0876,28690,0.9627999999999999,0.12494833866766625,91043.0,0.9851190476190477,0.9836309523809523,0.9845238095238096,0.19196428571428573,0.17261904761904762
190512,CUNY Bernard M Baruch College,NY,1,16154.0,0.7212,0.886,3033.0,,10000.0,14170.0,75971.0,0.5688,0.4752,3033,0.77064,0.13162917429018967,65971.0,0.8601190476190477,0.9761904761904762,0.9065476190476192,0.9985119047619048,0.9136904761904762
190549,CUNY Brooklyn College,NY,1,10543.0,0.5386,0.8012,3103.0,,9218.0,14151.0,60752.0,0.5702,0.5836,3103,0.6173799999999999,0.15173163023439556,51534.0,0.6056547619047619,0.9553571428571429,0.7455357142857143,0.9970238095238095,0.9166666666666666
190558,College of Staten Island CUNY,NY,1,9657.0,0.3393,0.757,5579.0,,8846.0,14795.0,53501.0,0.4959,0.9234,5579,0.46460999999999997,0.16534270387469394,44655.0,0.3705357142857143,0.9241071428571429,0.5919642857142857,0.9761904761904762,0.8601190476190477
190567,CUNY City College,NY,1,12505.0,0.5682,0.7926,3776.0,,9775.0,14403.0,66039.0,0.6054,0.6002,3776,0.63552,0.14801859507260862,56264.0,0.7351190476190477,0.9583333333333334,0.824404761904762,0.9910714285714286,0.9315476190476191
190594,CUNY Hunter College,NY,1,16289.0,0.5686,0.7765,2984.0,,8812.0,13905.0,63163.0,0.5589,0.538,2984,0.63097,0.13951205610879788,54351.0,0.6726190476190477,0.9672619047619048,0.7904761904761906,1.0,0.9047619047619048
190600,CUNY John Jay College of Criminal Justice,NY,1,11590.0,0.5583,0.816,3203.0,,9250.0,14212.0,56195.0,0.5979,0.5711,3203,0.63561,0.1646053919387846,46945.0,0.46279761904761907,0.9255952380952381,0.6479166666666667,0.9940476190476191,0.9285714285714286
190637,CUNY Lehman College,NY,1,10696.0,0.5128,0.7307,3148.0,,8500.0,14121.0,58013.0,0.5994,0.5658,3148,0.57817,0.14651888369848137,49513.0,0.5297619047619048,0.9627976190476191,0.7029761904761904,0.9955357142857143,0.9300595238095238
190646,CUNY Medgar Evers College,NY,1,3233.0,0.1977,0.4974,5718.0,,7400.0,14771.0,46498.0,0.5632,0.8605,5718,0.28761,0.15914662996257903,39098.0,0.1800595238095238,0.9360119047619048,0.4824404761904762,0.9732142857142857,0.9092261904761905
190655,CUNY New York City College of Technology,NY,1,13580.0,0.2147,0.6487,5127.0,,7000.0,14110.0,49365.0,0.5507,0.8029,5127,0.3449,0.14180087106249367,42365.0,0.25148809523809523,0.9642857142857143,0.5366071428571428,0.9791666666666666,0.8943452380952381
190664,CUNY Queens College,NY,1,12550.0,0.5325,0.7868,4195.0,,8580.0,14367.0,62763.0,0.4717,0.6435,4195,0.6087899999999999,0.13670474642703503,54183.0,0.6636904761904762,0.9702380952380952,0.7863095238095238,0.9880952380952381,0.84375
190691,CUNY York College,NY,1,4345.0,0.3225,0.5744,4456.0,,7500.0,14330.0,56945.0,0.4008,0.641,4456,0.39807,0.13170603213627183,49445.0,0.4895833333333333,0.9747023809523809,0.6836309523809523,0.9866071428571429,0.7306547619047619
191241,Fordham University,NY,2,10512.0,0.8191,0.8852,,44338.0,20500.0,82762.0,85569.0,0.2142,0.5931,44338,0.83893,0.2395727424651451,65069.00000000001,0.9300595238095238,0.6979166666666666,0.837202380952381,0.020833333333333332,0.26339285714285715
191515,Hamilton College,NY,2,2030.0,0.9063,0.9481,,28985.0,15015.0,84230.0,78411.0,0.1772,0.1362,28985,0.9188399999999999,0.19149098978459655,63396.0,0.8839285714285714,0.8705357142857143,0.8785714285714286,0.17708333333333334,0.15327380952380953
191649,Hofstra University,NY,2,6488.0,0.6854,0.8362,,34176.0,18518.0,70624.0,69039.0,0.2527,0.6808,34176,0.73064,0.26822520604296124,50520.99999999999,0.7723214285714286,0.5416666666666666,0.6800595238095238,0.09821428571428571,0.36160714285714285
191931,Iona University,NY,2,2951.0,0.56,0.7693,,29188.0,19500.0,60247.0,73595.0,0.2827,0.8694,29188,0.62279,0.26496365242203956,54095.0,0.8303571428571429,0.5625,0.7232142857142857,0.17261904761904762,0.4419642857142857
191968,Ithaca College,NY,2,4242.0,0.7623,0.8467,,33926.0,19500.0,68699.0,63548.0,0.1905,0.6901,33926,0.78762,0.3068546610436206,44048.0,0.6964285714285714,0.3125,0.5428571428571428,0.10119047619047619,0.18898809523809523
192323,Le Moyne College,NY,2,2439.0,0.7313,0.8355,,22277.0,18435.0,53183.0,62731.0,0.3098,0.8298,22277,0.7625599999999999,0.29387384227893704,44296.0,0.6622023809523809,0.3794642857142857,0.5491071428571428,0.32142857142857145,0.5193452380952381
192448,Long Island University,NY,2,5520.0,0.5707,0.7719,,33062.0,19500.0,55424.0,59950.0,0.1714,0.8616,33062,0.63106,0.32527105921601335,40450.0,0.5833333333333334,0.23511904761904762,0.4440476190476191,0.1056547619047619,0.13839285714285715
192703,Manhattan University,NY,2,2744.0,0.6371,0.7598,,27256.0,21500.0,64348.0,86316.0,0.36,0.7894,27256,0.67391,0.24908475832985774,64816.0,0.9330357142857143,0.6413690476190477,0.8163690476190477,0.21279761904761904,0.6413690476190477
192819,Marist University,NY,2,5182.0,0.796,0.8609,,41544.0,21500.0,67574.0,77819.0,0.1445,0.5651,41544,0.81547,0.2762821418933679,56319.00000000001,0.8764880952380952,0.4880952380952381,0.7211309523809524,0.02976190476190476,0.06994047619047619
193016,Mercy University,NY,2,5735.0,0.4571,0.7572,,14072.0,15000.0,32596.0,52055.0,0.5005,0.8584,14072,0.5471299999999999,0.28815675727595813,37055.0,0.32589285714285715,0.41369047619047616,0.36101190476190476,0.7276785714285714,0.8630952380952381
193292,Molloy University,NY,2,3162.0,0.6993,0.8517,,24347.0,24250.0,50720.0,77789.0,0.3366,0.8174,24347,0.74502,0.31174073455115764,53539.0,0.875,0.27827380952380953,0.6363095238095239,0.2693452380952381,0.5848214285714286
193399,University of Mount Saint Vincent,NY,2,2692.0,0.5683,0.7305,,21696.0,18500.0,54170.0,65756.0,0.4621,0.8511,21696,0.61696,0.2813431473933938,47255.99999999999,0.7306547619047619,0.4523809523809524,0.619345238095238,0.34077380952380953,0.8303571428571429
193654,The New School,NY,2,6563.0,0.6937,0.8476,,58741.0,15498.0,88284.0,52901.0,0.1501,0.6347,58741,0.73987,0.2929623258539536,37403.00000000001,0.3482142857142857,0.3854166666666667,0.3630952380952381,0.001488095238095238,0.08035714285714286
193900,New York University,NY,2,28663.0,0.8757,0.9577,,37050.0,18500.0,84374.0,82509.0,0.1788,0.0923,37050,0.9003000000000001,0.22421796410088596,64009.00000000001,0.9047619047619048,0.7648809523809523,0.8488095238095238,0.06994047619047619,0.15997023809523808
193973,Niagara University,NY,2,2653.0,0.7451,0.8038,,17248.0,20312.0,51632.0,56196.0,0.2719,0.8737,17248,0.76271,0.3614492134671507,35883.99999999999,0.4642857142857143,0.11755952380952381,0.3255952380952381,0.5379464285714286,0.39880952380952384
194091,New York Institute of Technology,NY,2,3440.0,0.5877,0.7799,,22443.0,17000.0,56976.0,70080.0,0.451,0.8102,22443,0.6453599999999999,0.2425799086757991,53079.99999999999,0.7842261904761905,0.6875,0.7455357142857143,0.31398809523809523,0.8199404761904762
194310,Pace University,NY,2,7665.0,0.6003,0.7549,,30892.0,17750.0,69550.0,70378.0,0.2725,0.7592,30892,0.6466799999999999,0.2522094972860837,52627.99999999999,0.7901785714285714,0.625,0.7241071428571428,0.14583333333333334,0.4017857142857143
194578,Pratt Institute-Main,NY,2,3910.0,0.7354,0.8826,,52659.0,20500.0,80049.0,54295.0,0.1886,0.7325,52659,0.77956,0.3775669951192559,33795.0,0.39732142857142855,0.08630952380952381,0.27291666666666664,0.005952380952380952,0.18452380952380953
194824,Rensselaer Polytechnic Institute,NY,2,5714.0,0.8362,0.9072,,36228.0,21995.0,82404.0,102051.0,0.1992,0.6347,36228,0.8574999999999999,0.21552949015688233,80056.0,0.9747023809523809,0.7991071428571429,0.9044642857142857,0.07738095238095238,0.21726190476190477
195003,Rochester Institute of Technology,NY,2,13215.0,0.6989,0.8879,,34906.0,20872.0,74626.0,76571.0,0.2724,0.6693,34906,0.7555999999999999,0.2725836152068015,55699.0,0.8675595238095238,0.5133928571428571,0.7258928571428571,0.08928571428571429,0.40029761904761907
195030,University of Rochester,NY,2,6331.0,0.8543,0.9069,,29278.0,19000.0,85962.0,79042.0,0.1725,0.4008,29278,0.87008,0.240378532931859,60041.99999999999,0.8913690476190477,0.6934523809523809,0.812202380952381,0.17113095238095238,0.14434523809523808
195164,St Bonaventure University,NY,2,2012.0,0.6673,0.8589,,27074.0,19500.0,57271.0,57214.0,0.2675,0.8165,27074,0.72478,0.3408256720383123,37714.0,0.5029761904761905,0.17708333333333334,0.3726190476190476,0.21726190476190477,0.38913690476190477
195474,Siena University,NY,2,3409.0,0.7473,0.8269,,33733.0,21471.0,64870.0,76079.0,0.2449,0.6902,33733,0.77118,0.28221979784171713,54608.0,0.8616071428571429,0.44642857142857145,0.6955357142857144,0.10267857142857142,0.34375
195526,Skidmore College,NY,2,2694.0,0.8257,0.8965,,32297.0,15000.0,85270.0,69363.0,0.1275,0.2105,32297,0.84694,0.21625362224817266,54363.0,0.7738095238095238,0.7931547619047619,0.781547619047619,0.11755952380952381,0.03794642857142857
195544,St. Joseph's University-New York,NY,2,3144.0,0.6878,0.807,,19035.0,17750.0,41897.0,63905.0,0.3399,0.7205,19035,0.72356,0.2777560441280025,46155.0,0.7053571428571429,0.47470238095238093,0.6130952380952381,0.43898809523809523,0.5907738095238095
195720,St. John Fisher University,NY,2,2565.0,0.7417,0.8642,,28945.0,19500.0,55201.0,66944.0,0.2869,0.664,28945,0.7784500000000001,0.29128824091778205,47444.0,0.7410714285714286,0.39285714285714285,0.6017857142857144,0.17857142857142858,0.4568452380952381
195809,St. John's University-New York,NY,2,9477.0,0.6609,0.787,,29999.0,19500.0,65527.0,69571.0,0.2419,0.8343,29999,0.69873,0.2802892009601702,50071.0,0.7752976190476191,0.46279761904761907,0.6502976190476191,0.15922619047619047,0.33407738095238093
196015,SUNY College of Technology at Canton,NY,1,2741.0,0.3845,0.6949,15268.0,,12500.0,24906.0,47860.0,0.5042,0.9215,15268,0.47762,0.26117843710823235,35360.0,0.21726190476190477,0.5803571428571429,0.36250000000000004,0.6592261904761905,0.8690476190476191
196042,Farmingdale State College,NY,1,9552.0,0.5278,0.8157,10867.0,,11000.0,18966.0,69781.0,0.3625,0.6329,10867,0.61417,0.15763603273097263,58781.0,0.7782738095238095,0.9434523809523809,0.8443452380952381,0.8764880952380952,0.6488095238095238
196060,University at Albany,NY,1,12564.0,0.6145,0.8344,17167.0,,15059.0,28802.0,67979.0,0.4369,0.691,17167,0.68047,0.22152429426734727,52920.00000000001,0.7544642857142857,0.7752976190476191,0.762797619047619,0.5431547619047619,0.8050595238095238
196079,Binghamton University,NY,1,14655.0,0.8162,0.8938,21620.0,,15000.0,30345.0,80596.0,0.2812,0.3861,21620,0.83948,0.18611345476202293,65596.0,0.8973214285714286,0.8869047619047619,0.893154761904762,0.34523809523809523,0.4375
196088,University at Buffalo,NY,1,20112.0,0.7518,0.8521,20995.0,,14250.0,30785.0,70814.0,0.3313,0.7418,20995,0.78189,0.20123139492190809,56564.0,0.7931547619047619,0.8482142857142857,0.8151785714285714,0.3630952380952381,0.5758928571428571
196097,Stony Brook University,NY,1,18101.0,0.7556,0.8981,18784.0,,15000.0,30539.0,74502.0,0.3944,0.4904,18784,0.7983499999999999,0.20133687686236612,59502.0,0.8422619047619048,0.8467261904761905,0.844047619047619,0.4523809523809524,0.7202380952380952
196121,SUNY Brockport,NY,1,5784.0,0.5513,0.7177,16353.0,,15000.0,26046.0,54496.0,0.4019,0.7068,16353,0.60122,0.27524955960070463,39496.0,0.40625,0.49702380952380953,0.4425595238095238,0.5848214285714286,0.7366071428571429
196130,SUNY Buffalo State University,NY,1,5097.0,0.3331,0.5772,11346.0,,12500.0,24279.0,52334.0,0.556,0.7295,11346,0.40632999999999997,0.23885046050368786,39834.0,0.33482142857142855,0.7008928571428571,0.48124999999999996,0.8571428571428571,0.9017857142857143
196149,State University of New York at Cortland,NY,1,5901.0,0.6803,0.8109,22345.0,,17500.0,28108.0,60236.0,0.2742,0.5979,22345,0.7194799999999999,0.29052393917258784,42736.0,0.5892857142857143,0.39732142857142855,0.5125,0.31994047619047616,0.4107142857142857
196158,SUNY at Fredonia,NY,1,2755.0,0.5021,0.7624,15897.0,,17500.0,25879.0,54247.0,0.3883,0.777,15897,0.58019,0.32259848470883185,36746.99999999999,0.3958333333333333,0.24404761904761904,0.3351190476190476,0.6116071428571429,0.7075892857142857
196167,SUNY College at Geneseo,NY,1,3869.0,0.7145,0.8699,18211.0,,14836.0,27709.0,67316.0,0.2764,0.6645,18211,0.76112,0.22039336858993405,52480.0,0.7470238095238095,0.7797619047619048,0.7601190476190476,0.4806547619047619,0.41443452380952384
196176,State University of New York at New Paltz,NY,1,6086.0,0.716,0.8502,18809.0,,15000.0,28428.0,58073.0,0.319,0.6161,18809,0.7562599999999999,0.2582955934771753,43072.99999999999,0.53125,0.59375,0.55625,0.4486607142857143,0.5431547619047619
196185,SUNY Oneonta,NY,1,4643.0,0.6881,0.7551,19158.0,,15000.0,28821.0,60386.0,0.3602,0.696,19158,0.7081999999999999,0.24840194747126818,45386.0,0.5952380952380952,0.6502976190476191,0.6172619047619048,0.4255952380952381,0.6428571428571429
196194,State University of New York at Oswego,NY,1,5473.0,0.6036,0.7045,16236.0,,15750.0,27052.0,57566.0,0.3965,0.8055,16236,0.63387,0.2735989994093736,41816.0,0.5178571428571429,0.5074404761904762,0.5136904761904761,0.5952380952380952,0.7239583333333334
196219,SUNY at Purchase College,NY,1,3197.0,0.6277,0.8031,18913.0,,15194.0,29043.0,45092.0,0.3551,0.7405,18913,0.68032,0.33695555752683404,29898.0,0.14434523809523808,0.19196428571428573,0.16339285714285712,0.44345238095238093,0.6369047619047619
196237,SUNY Old Westbury,NY,1,4162.0,0.4457,0.7177,11282.0,,12000.0,21287.0,58526.0,0.4927,0.8363,11282,0.5273,0.20503707753818814,46526.0,0.5491071428571429,0.8348214285714286,0.6633928571428571,0.8601190476190477,0.8571428571428571
196246,State University of New York at Plattsburgh,NY,1,3769.0,0.5851,0.732,17156.0,,15000.0,28244.0,56403.0,0.4056,0.7841,17156,0.6291699999999999,0.26594330088825063,41403.0,0.4732142857142857,0.5535714285714286,0.5053571428571428,0.5461309523809523,0.7410714285714286
196264,Empire State University,NY,1,7585.0,0.4123,0.6571,11676.0,,11000.0,19699.0,54080.0,0.3683,,11676,0.48573999999999995,0.20340236686390534,43080.0,0.3898809523809524,0.8392857142857143,0.5696428571428571,0.8452380952380952,0.6569940476190477
196413,Syracuse University,NY,2,15477.0,0.8361,0.9013,,38793.0,23697.0,84517.0,79164.0,0.1707,0.4592,38793,0.8556599999999999,0.2993406093678945,55467.0,0.8928571428571429,0.34226190476190477,0.6726190476190477,0.05357142857142857,0.13541666666666666
196592,Touro University,NY,2,4040.0,0.7239,0.8883,,29627.0,12500.0,40500.0,53419.0,0.302,0.6083,29627,0.77322,0.23399913888316892,40919.0,0.36755952380952384,0.7261904761904762,0.5110119047619048,0.16220238095238096,0.49702380952380953
196866,Union College,NY,2,2046.0,0.8039,0.9018,,34561.0,21085.0,84561.0,88604.0,0.1436,0.4392,34561,0.83327,0.23796894045415556,67519.0,0.9419642857142857,0.7068452380952381,0.8479166666666667,0.09523809523809523,0.06547619047619048
197045,Utica University,NY,2,2278.0,0.5624,0.7071,,19108.0,17538.0,37205.0,63277.0,0.3337,0.9195,19108,0.60581,0.27716231806185504,45739.0,0.6800595238095238,0.48214285714285715,0.6008928571428571,0.43005952380952384,0.5818452380952381
197133,Vassar College,NY,2,2444.0,0.9108,0.949,,39343.0,17500.0,87419.0,71366.0,0.1924,0.1857,39343,0.92226,0.24521480817195865,53866.0,0.7991071428571429,0.6726190476190477,0.7485119047619049,0.052083333333333336,0.19642857142857142
197151,School of Visual Arts,NY,3,3244.0,0.7568,0.8548,,57914.0,22000.0,78051.0,46459.0,0.1557,0.9264,57914,0.7862,0.4735358057642222,24458.999999999996,0.17708333333333334,0.013392857142857142,0.11160714285714285,0.002976190476190476,0.09375
197708,Yeshiva University,NY,2,2852.0,0.832,0.9153,,49965.0,14000.0,70892.0,71353.0,0.1344,0.5562,49965,0.8569899999999999,0.19620758762771012,57353.0,0.7976190476190477,0.8586309523809523,0.8220238095238095,0.008928571428571428,0.050595238095238096
197869,Appalachian State University,NC,1,19444.0,0.7453,0.8369,16836.0,,15750.0,23169.0,51836.0,0.2642,0.9014,16836,0.7727799999999998,0.3038428891118142,36086.0,0.31547619047619047,0.3244047619047619,0.319047619047619,0.5520833333333334,0.38392857142857145
198136,Campbell University,NC,2,2680.0,0.6096,0.7616,,24516.0,17000.0,62187.0,54886.0,0.3758,0.8718,24516,0.6552,0.30973290092191086,37886.0,0.41517857142857145,0.29464285714285715,0.36696428571428574,0.2604166666666667,0.6741071428571429
198419,Duke University,NC,2,6442.0,0.9678,0.9793,,29612.0,12000.0,87072.0,97800.0,0.1403,0.0571,29612,0.97125,0.12269938650306748,85800.0,0.9672619047619048,0.9866071428571429,0.975,0.16517857142857142,0.05952380952380952
198464,East Carolina University,NC,1,19896.0,0.6262,0.8272,15739.0,,17500.0,23867.0,55146.0,0.318,0.8921,15739,0.6864999999999999,0.31733942625031736,37646.0,0.42857142857142855,0.26339285714285715,0.3625,0.6220238095238095,0.5401785714285714
198516,Elon University,NC,2,6452.0,0.8404,0.898,,41555.0,18500.0,62266.0,74545.0,0.0993,0.6635,41555,0.85768,0.24817224495271312,56045.00000000001,0.84375,0.6517857142857143,0.7669642857142858,0.028273809523809524,0.004464285714285714
198543,Fayetteville State University,NC,1,5762.0,0.3846,0.7529,7892.0,,15766.0,16652.0,40144.0,0.566,0.8215,7892,0.4950899999999999,0.3927361498605022,24378.0,0.06547619047619048,0.05952380952380952,0.0630952380952381,0.9508928571428571,0.9122023809523809
198695,High Point University,NC,2,5129.0,0.737,0.8535,,38707.0,19000.0,65548.0,61389.0,0.1185,0.7531,38707,0.7719499999999999,0.3095017022593624,42389.0,0.6190476190476191,0.2961309523809524,0.4898809523809524,0.05654761904761905,0.01636904761904762
199102,North Carolina A & T State University,NC,1,12182.0,0.5718,0.7752,10846.0,,20909.0,20427.0,44440.0,0.5231,0.499,10846,0.6328199999999999,0.4704995499549955,23530.999999999996,0.125,0.01488095238095238,0.08095238095238094,0.8779761904761905,0.8824404761904762
199111,University of North Carolina Asheville,NC,1,2910.0,0.5448,0.7209,12250.0,,14138.0,21685.0,44030.0,0.3237,0.9192,12250,0.5976299999999999,0.32109925051101523,29891.999999999996,0.11086309523809523,0.24851190476190477,0.16592261904761907,0.8288690476190477,0.5550595238095238
199120,University of North Carolina at Chapel Hill,NC,1,20752.0,0.9117,0.9661,11655.0,,12989.0,26055.0,72200.0,0.2004,0.1534,11655,0.9280199999999998,0.17990304709141275,59211.0,0.8169642857142857,0.9002976190476191,0.850297619047619,0.8497023809523809,0.22023809523809523
199139,University of North Carolina at Charlotte,NC,1,24453.0,0.6897,0.8498,15435.0,,16500.0,23010.0,57289.0,0.3394,0.796,15435,0.73773,0.2880134057148842,40789.0,0.5089285714285714,0.41517857142857145,0.4714285714285714,0.6383928571428571,0.5892857142857143
199148,University of North Carolina at Greensboro,NC,1,14062.0,0.5631,0.7891,10965.0,,16750.0,21373.0,48160.0,0.5024,0.8851,10965,0.6309,0.34779900332225916,31410.0,0.22470238095238096,0.15178571428571427,0.19553571428571428,0.8690476190476191,0.8675595238095238
199157,North Carolina Central University,NC,1,6081.0,0.4165,0.7271,15359.0,,22000.0,26556.0,42968.0,0.587,0.8696,15359,0.5096799999999999,0.512008936883262,20968.0,0.09226190476190477,0.00744047619047619,0.058333333333333334,0.6473214285714286,0.9226190476190477
199193,North Carolina State University at Raleigh,NC,1,27371.0,0.8476,0.9447,17303.0,,17320.0,26425.0,68758.0,0.1958,0.4174,17303,0.87673,0.2518979609645423,51438.0,0.7663690476190477,0.6264880952380952,0.7104166666666667,0.5342261904761905,0.20535714285714285
199218,University of North Carolina Wilmington,NC,1,14922.0,0.7059,0.8816,20109.0,,15178.0,26547.0,54967.0,0.2395,0.6424,20109,0.75861,0.27612931395200757,39789.0,0.4181547619047619,0.4895833333333333,0.44672619047619044,0.3898809523809524,0.3273809523809524
199281,University of North Carolina at Pembroke,NC,1,5330.0,0.4354,0.7164,10260.0,,15500.0,17261.0,43407.0,0.5008,0.9326,10260,0.5197,0.3570852627456401,27907.0,0.10267857142857142,0.12946428571428573,0.11339285714285716,0.8913690476190477,0.8645833333333334
199847,Wake Forest University,NC,2,5485.0,0.8915,0.9256,,28719.0,19500.0,87499.0,78158.0,0.1009,0.2167,28719,0.9017299999999999,0.24949461347526805,58658.0,0.8779761904761905,0.6383928571428571,0.7821428571428571,0.1875,0.005952380952380952
199962,Wingate University,NC,2,2668.0,0.4635,0.7048,,20748.0,12000.0,57473.0,52649.0,0.4424,0.9113,20748,0.53589,0.22792455697164238,40649.0,0.34375,0.7470238095238095,0.5050595238095238,0.3705357142857143,0.8080357142857143
199999,Winston-Salem State University,NC,1,4170.0,0.4668,0.7725,13479.0,,18447.0,23147.0,45344.0,0.6491,0.7826,13479,0.55851,0.4068233944954128,26897.0,0.15178571428571427,0.049107142857142856,0.11071428571428571,0.7574404761904762,0.9479166666666666
200004,Western Carolina University,NC,1,10024.0,0.6026,0.7911,13315.0,,15348.0,19992.0,49458.0,0.3464,0.8183,13315,0.6591499999999999,0.3103239111973796,34109.99999999999,0.2544642857142857,0.2857142857142857,0.2669642857142857,0.7708333333333334,0.6116071428571429
200217,University of Mary,ND,2,2416.0,0.666,0.8354,,17770.0,18750.0,33672.0,60909.0,0.209,0.753,17770,0.71682,0.30783628035265725,42158.99999999999,0.6071428571428571,0.3020833333333333,0.4851190476190476,0.5029761904761905,0.24851190476190477
200253,Minot State University,ND,1,2062.0,0.4505,0.6648,12703.0,,11980.0,19339.0,51759.0,0.2445,0.6462,12703,0.51479,0.2314573310921772,39779.0,0.30952380952380953,0.7321428571428571,0.4785714285714286,0.8080357142857143,0.34077380952380953
200280,University of North Dakota,ND,1,9981.0,0.6048,0.8402,18551.0,,15238.0,25605.0,63552.0,0.1715,0.769,18551,0.6754199999999999,0.23977215508559918,48314.00000000001,0.6979166666666666,0.6964285714285714,0.6973214285714285,0.46726190476190477,0.13988095238095238
200332,North Dakota State University-Main Campus,ND,1,9471.0,0.6389,0.7842,15543.0,,16750.0,23716.0,62203.0,0.1973,0.9496,15543,0.6824899999999999,0.2692796167387425,45452.99999999999,0.6458333333333334,0.5327380952380952,0.6005952380952382,0.6354166666666666,0.21279761904761904
200800,University of Akron Main Campus,OH,1,9052.0,0.5186,0.7298,13946.0,,15250.0,26284.0,46600.0,0.291,0.5967,13946,0.5819599999999999,0.3272532188841202,31350.0,0.18303571428571427,0.22172619047619047,0.19851190476190475,0.7366071428571429,0.46726190476190477
201104,Ashland University,OH,2,2199.0,0.6063,0.7652,,21988.0,20000.0,43434.0,52928.0,0.2885,0.764,21988,0.6539699999999999,0.3778718258766626,32928.0,0.35119047619047616,0.08333333333333333,0.244047619047619,0.33630952380952384,0.46279761904761907
201195,Baldwin Wallace University,OH,2,2842.0,0.6677,0.8384,,27603.0,24250.0,55606.0,54122.0,0.2916,0.757,27603,0.7189099999999999,0.44806178633457744,29871.999999999996,0.3913690476190476,0.025297619047619048,0.24494047619047618,0.20684523809523808,0.46875
201441,Bowling Green State University-Main Campus,OH,1,12812.0,0.6373,0.8157,24022.0,,17500.0,33007.0,47896.0,0.2313,0.8096,24022,0.69082,0.36537497912142974,30396.0,0.22172619047619047,0.11011904761904762,0.17708333333333334,0.27529761904761907,0.3132440476190476
201645,Case Western Reserve University,OH,2,6437.0,0.8717,0.9214,,41190.0,21488.0,85851.0,87989.0,0.1752,0.3654,41190,0.88661,0.2442123447249088,66501.0,0.9404761904761905,0.6800595238095238,0.8363095238095238,0.03422619047619048,0.14732142857142858
201654,Cedarville University,OH,2,4024.0,0.7253,0.8958,,24468.0,17500.0,49320.0,55443.0,0.1522,0.6529,24468,0.7764499999999999,0.3156394855978212,37943.0,0.43601190476190477,0.26785714285714285,0.36875,0.26339285714285715,0.08630952380952381
201690,Central State University,OH,1,2620.0,0.2281,0.5592,13096.0,,13740.0,21929.0,33267.0,0.527,0.9861,13096,0.32743,0.4130219136080801,19526.999999999996,0.028273809523809524,0.03720238095238095,0.03184523809523809,0.7931547619047619,0.8854166666666666
201885,University of Cincinnati-Main Campus,OH,1,29882.0,0.7496,0.8535,25648.0,,12000.0,32171.0,54810.0,0.1876,0.8529,25648,0.78077,0.21893814997263272,42810.0,0.41369047619047616,0.7886904761904762,0.5636904761904762,0.23958333333333334,0.17559523809523808
202134,Cleveland State University,OH,1,8969.0,0.5057,0.7032,14764.0,,15333.0,27159.0,52131.0,0.4051,0.913,14764,0.5649500000000001,0.2941244173332566,36798.0,0.3288690476190476,0.375,0.34732142857142856,0.6845238095238095,0.7395833333333334
202480,University of Dayton,OH,2,7682.0,0.8018,0.8906,,29533.0,19500.0,65881.0,75537.0,0.1581,0.6545,29533,0.82844,0.2581516342984233,56036.99999999999,0.8556547619047619,0.5967261904761905,0.7520833333333333,0.16666666666666666,0.09672619047619048
202523,Denison University,OH,2,2380.0,0.789,0.8852,,40007.0,21250.0,81900.0,67753.0,0.1255,0.1739,40007,0.81786,0.31363924844656327,46502.99999999999,0.7529761904761905,0.27380952380952384,0.5613095238095238,0.046130952380952384,0.03422619047619048
202763,The University of Findlay,OH,2,2223.0,0.5786,0.7374,,27221.0,19500.0,54580.0,56996.0,0.1469,0.8337,27221,0.62624,0.34212927222963013,37496.00000000001,0.49255952380952384,0.16964285714285715,0.3633928571428572,0.21428571428571427,0.07142857142857142
202806,Franklin University,OH,2,5562.0,0.1111,0.359,,25243.0,14238.0,30696.0,51892.0,0.3718,,25243,0.18546999999999997,0.2743775533800971,37654.0,0.31994047619047616,0.5029761904761905,0.3931547619047619,0.25,0.6651785714285714
203368,John Carroll University,OH,2,2274.0,0.7855,0.8288,,28746.0,21500.0,65827.0,62860.0,0.2059,0.809,28746,0.7984899999999999,0.34202990773146674,41360.0,0.6666666666666666,0.17113095238095238,0.46845238095238095,0.18601190476190477,0.23809523809523808
203517,Kent State University at Kent,OH,1,19320.0,0.6372,0.8094,20787.0,,17500.0,30567.0,45388.0,0.2851,0.8634,20787,0.6888599999999999,0.38556446637877856,27888.0,0.15625,0.06845238095238096,0.12113095238095238,0.36681547619047616,0.45089285714285715
204006,Miami University-Hamilton,OH,1,2043.0,0.2494,0.5341,11286.0,,16000.0,15352.0,55076.0,0.3036,,11286,0.33481,0.29050766213958895,39075.99999999999,0.4263392857142857,0.39955357142857145,0.415625,0.8586309523809523,0.5
204024,Miami University-Oxford,OH,1,16656.0,0.7979,0.9014,28384.0,,16000.0,38757.0,55076.0,0.1259,0.754,28384,0.82895,0.29050766213958895,39075.99999999999,0.4263392857142857,0.39955357142857145,0.415625,0.1949404761904762,0.03571428571428571
204501,Oberlin College,OH,2,2887.0,0.8089,0.91,,38645.0,19500.0,87404.0,58343.0,0.0964,0.3418,38645,0.8392299999999999,0.334230327545721,38843.0,0.5386904761904762,0.20238095238095238,0.4041666666666666,0.05803571428571429,0.001488095238095238
204635,Ohio Northern University,OH,2,2489.0,0.7548,0.8433,,24478.0,24250.0,53580.0,80928.0,0.206,0.744,24478,0.78135,0.299649070778964,56677.99999999999,0.9017857142857143,0.34077380952380953,0.6773809523809524,0.2619047619047619,0.23958333333333334
204796,Ohio State University-Main Campus,OH,1,45638.0,0.8772,0.9423,17339.0,,14500.0,30305.0,60409.0,0.2016,0.6057,17339,0.8967299999999999,0.24003045903756062,45909.0,0.5967261904761905,0.6949404761904762,0.6360119047619048,0.5327380952380952,0.2261904761904762
204857,Ohio University-Main Campus,OH,1,19633.0,0.6545,0.8389,21637.0,,15332.0,30586.0,52581.0,0.2121,0.8499,21637,0.7098199999999999,0.2915882162758411,37249.0,0.34226190476190477,0.3898809523809524,0.3613095238095238,0.34375,0.25967261904761907
204936,Otterbein University,OH,2,2157.0,0.6788,0.7992,,19237.0,20500.0,48321.0,53313.0,0.3063,0.8453,19237,0.7149199999999999,0.3845215988595652,32813.0,0.3645833333333333,0.07589285714285714,0.24910714285714283,0.4226190476190476,0.5126488095238095
205443,Shawnee State University,OH,1,2247.0,0.4811,0.7199,14381.0,,12885.0,21974.0,39596.0,0.3856,,14381,0.55274,0.3254116577432064,26710.999999999996,0.05952380952380952,0.23363095238095238,0.12916666666666665,0.7023809523809523,0.6904761904761905
205957,Franciscan University of Steubenville,OH,2,2901.0,0.7545,0.8748,,23589.0,18590.0,44580.0,50030.0,0.2304,0.5836,23589,0.7905899999999999,0.37157705376773936,31439.999999999996,0.2693452380952381,0.10267857142857142,0.2026785714285714,0.28720238095238093,0.3080357142857143
206048,Tiffin University,OH,2,2051.0,0.3987,0.7158,,26500.0,15795.0,48004.0,35942.0,0.3147,0.8005,26500,0.49383,0.43945801569194815,20147.0,0.04017857142857143,0.028273809523809524,0.035416666666666666,0.22916666666666666,0.5342261904761905
206084,University of Toledo,OH,1,9770.0,0.5704,0.773,17249.0,,14750.0,26512.0,50632.0,0.2746,0.9202,17249,0.63118,0.29131774371938696,35882.0,0.28720238095238093,0.3913690476190476,0.32886904761904756,0.5357142857142857,0.41220238095238093
206604,Wright State University-Main Campus,OH,1,6762.0,0.4169,0.6793,15415.0,,15854.0,24373.0,49500.0,0.3447,0.9633,15415,0.49561999999999995,0.3202828282828283,33646.0,0.25595238095238093,0.2544642857142857,0.25535714285714284,0.6398809523809523,0.6056547619047619
206622,Xavier University,OH,2,4207.0,0.6865,0.7747,,32997.0,18750.0,65476.0,64873.0,0.1627,0.8641,32997,0.71296,0.2890262512909839,46123.0,0.71875,0.4107142857142857,0.5955357142857143,0.10863095238095238,0.11011904761904762
206695,Youngstown State University,OH,1,7961.0,0.5048,0.7573,12767.0,,15750.0,21708.0,41544.0,0.3378,0.8445,12767,0.58055,0.3791161178509532,25794.0,0.07291666666666667,0.0818452380952381,0.07648809523809524,0.8020833333333334,0.5863095238095238
206914,Cameron University,OK,1,2492.0,0.3067,0.672,10912.0,,11000.0,19862.0,40118.0,0.3884,,10912,0.41628999999999994,0.2741911361483623,29118.0,0.06398809523809523,0.5044642857142857,0.24017857142857144,0.8720238095238095,0.7098214285714286
206941,University of Central Oklahoma,OK,1,10170.0,0.3676,0.6523,18309.0,,13000.0,26392.0,48351.0,0.3649,0.7812,18309,0.45301,0.26886724162892184,35351.0,0.22767857142857142,0.5342261904761905,0.350297619047619,0.47470238095238093,0.6517857142857143
207041,East Central University,OK,1,2467.0,0.3442,0.6061,8683.0,,11250.0,18459.0,44962.0,0.45,0.5815,8683,0.42277,0.25021128953338373,33712.0,0.13839285714285715,0.6354166666666666,0.3372023809523809,0.9330357142857143,0.8169642857142857
207263,Northeastern State University,OK,1,4772.0,0.3536,0.605,12710.0,,12000.0,21551.0,45379.0,0.4509,0.9959,12710,0.42901999999999996,0.26443949844641795,33379.0,0.15476190476190477,0.5669642857142857,0.3196428571428571,0.8065476190476191,0.8184523809523809
207388,Oklahoma State University-Main Campus,OK,1,21773.0,0.6817,0.8478,17447.0,,15500.0,28290.0,57413.0,0.2799,0.7504,17447,0.73153,0.2699736993363872,41913.0,0.5133928571428571,0.5252976190476191,0.518154761904762,0.5282738095238095,0.4270833333333333
207500,University of Oklahoma-Norman Campus,OK,1,22734.0,0.7533,0.9,15300.0,,15500.0,28872.0,63126.0,0.2497,0.766,15300,0.79731,0.24554066470234134,47626.0,0.6711309523809523,0.6711309523809523,0.6711309523809523,0.6517857142857143,0.3556547619047619
207582,Oral Roberts University,OK,2,3487.0,0.5683,0.8049,,25365.0,20250.0,50004.0,46885.0,0.2843,0.989,25365,0.63928,0.4319078596566066,26635.0,0.1875,0.03125,0.12499999999999999,0.24553571428571427,0.4479166666666667
207661,Rogers State University,OK,1,2657.0,0.2896,0.6965,15314.0,,11250.0,21064.0,43166.0,0.4014,,15314,0.41167,0.26062178566464345,31916.0,0.09523809523809523,0.5848214285714286,0.2910714285714286,0.6502976190476191,0.7351190476190477
207847,Southeastern Oklahoma State University,OK,1,3018.0,0.3154,0.6343,8039.0,,10623.0,18594.0,45079.0,0.416,0.7643,8039,0.41107,0.23565296479513742,34456.0,0.14285714285714285,0.7157738095238095,0.37202380952380953,0.9494047619047619,0.7693452380952381
207865,Southwestern Oklahoma State University,OK,1,3514.0,0.3969,0.677,14459.0,,11750.0,23334.0,45744.0,0.389,,14459,0.48092999999999997,0.2568642882126618,33994.0,0.16517857142857142,0.6041666666666666,0.34077380952380953,0.7008928571428571,0.7127976190476191
207971,University of Tulsa,OK,2,2813.0,0.7229,0.9211,,15000.0,12500.0,64459.0,61408.0,0.2696,0.6151,15000,0.7823599999999999,0.20355653986451278,48908.0,0.6205357142857143,0.8363095238095238,0.7068452380952381,0.6741071428571429,0.3943452380952381
208646,Eastern Oregon University,OR,1,2172.0,0.43,0.7148,17148.0,,13500.0,26718.0,50112.0,0.3475,0.9831,17148,0.51544,0.26939655172413796,36612.0,0.27232142857142855,0.5297619047619048,0.37529761904761905,0.5476190476190477,0.6175595238095238
208822,George Fox University,OR,2,2699.0,0.7196,0.8344,,31679.0,19500.0,58644.0,59761.0,0.2344,0.9351,31679,0.7540399999999999,0.3262997607135088,40261.00000000001,0.5803571428571429,0.22321428571428573,0.43750000000000006,0.125,0.31845238095238093
209056,Lewis & Clark College,OR,2,2120.0,0.7536,0.8881,,36013.0,13644.0,79987.0,62205.0,0.2028,0.7849,36013,0.7939499999999999,0.21933928140824693,48561.0,0.6473214285714286,0.7842261904761905,0.7020833333333334,0.0818452380952381,0.23214285714285715
209506,Oregon Institute of Technology,OR,1,2892.0,0.5378,0.6898,15706.0,,15625.0,27524.0,72273.0,0.1786,0.9502,15706,0.5833999999999999,0.2161941527264677,56648.0,0.8199404761904762,0.7946428571428571,0.8098214285714285,0.6235119047619048,0.15773809523809523
209542,Oregon State University,OR,1,30743.0,0.7011,0.8776,19604.0,,15000.0,31653.0,64010.0,0.2277,0.773,19604,0.7540499999999999,0.23433838462740197,49010.0,0.7068452380952381,0.7232142857142857,0.7133928571428572,0.40773809523809523,0.29836309523809523
209551,University of Oregon,OR,1,20497.0,0.7169,0.864,22182.0,,15000.0,34793.0,61324.0,0.2135,0.883,22182,0.76103,0.2446024395016633,46324.0,0.6175595238095238,0.6785714285714286,0.6419642857142858,0.3288690476190476,0.2619047619047619
209807,Portland State University,OR,1,13182.0,0.5266,0.7611,9552.0,,15457.0,21590.0,57906.0,0.4165,0.9087,9552,0.5969499999999999,0.26693261492764137,42448.99999999999,0.5267857142857143,0.5476190476190477,0.5351190476190476,0.9077380952380952,0.7730654761904762
209825,University of Portland,OR,2,2957.0,0.7984,0.8832,,28210.0,18500.0,73224.0,82804.0,0.221,0.8917,28210,0.8238399999999999,0.2234191584947587,64304.0,0.9107142857142857,0.7678571428571429,0.8535714285714285,0.19642857142857142,0.28720238095238093
210146,Southern Oregon University,OR,1,2751.0,0.4253,0.6785,16732.0,,15000.0,27636.0,49175.0,0.2486,0.8862,16732,0.5012599999999999,0.3050330452465684,34175.0,0.24851190476190477,0.31845238095238093,0.27648809523809526,0.5625,0.35119047619047616
210429,Western Oregon University,OR,1,3103.0,0.4712,0.7274,17237.0,,15000.0,25062.0,51815.0,0.4113,0.981,17237,0.54806,0.28949146000192993,36815.0,0.3125,0.40773809523809523,0.35059523809523807,0.5401785714285714,0.7544642857142857
210739,DeSales University,PA,2,2128.0,0.722,0.8303,,31643.0,20000.0,62745.0,61295.0,0.2378,0.7709,31643,0.75449,0.3262908883269435,41295.0,0.6160714285714286,0.22470238095238096,0.45952380952380956,0.12648809523809523,0.32142857142857145
210775,Alvernia University,PA,2,2152.0,0.5553,0.7198,,28138.0,20500.0,57565.0,55055.0,0.3624,0.5806,28138,0.60465,0.3723549178094633,34555.0,0.4226190476190476,0.09821428571428571,0.2928571428571428,0.19940476190476192,0.6473214285714286
211291,Bucknell University,PA,2,3876.0,0.8632,0.9368,,40766.0,23250.0,83756.0,93807.0,0.1238,0.2893,40766,0.8852799999999998,0.24784930762096646,70557.0,0.9642857142857143,0.6532738095238095,0.8398809523809523,0.03869047619047619,0.025297619047619048
211440,Carnegie Mellon University,PA,2,7304.0,0.9413,0.98,,31944.0,20250.0,83654.0,114862.0,0.1604,0.1166,31944,0.9529099999999999,0.17629851473942645,94612.0,0.9925595238095238,0.90625,0.9580357142857143,0.12202380952380952,0.10267857142857142
212009,Dickinson College,PA,2,2273.0,0.7978,0.9198,,37607.0,17294.0,82902.0,70204.0,0.1275,0.4209,37607,0.8343999999999999,0.24633923992934875,52910.00000000001,0.7872023809523809,0.6651785714285714,0.7383928571428571,0.06845238095238096,0.03794642857142857
212054,Drexel University,PA,2,13233.0,0.7816,0.8951,,38509.0,20204.0,76835.0,84648.0,0.2676,0.7944,38509,0.81565,0.23868254418296947,64444.00000000001,0.9241071428571429,0.7023809523809523,0.8354166666666667,0.05952380952380952,0.3913690476190476
212106,Duquesne University,PA,2,5350.0,0.7749,0.8415,,37730.0,23500.0,67776.0,74742.0,0.2024,0.8356,37730,0.79488,0.3144149206604051,51242.0,0.8467261904761905,0.2693452380952381,0.6157738095238094,0.06696428571428571,0.23065476190476192
212115,East Stroudsburg University of Pennsylvania,PA,1,4814.0,0.4312,0.7213,18134.0,,16750.0,27917.0,56148.0,0.4149,0.9205,18134,0.51823,0.29831872907316376,39398.00000000001,0.46130952380952384,0.3482142857142857,0.4160714285714286,0.4851190476190476,0.7604166666666666
212133,Eastern University,PA,2,2404.0,0.54,0.6547,,26662.0,18000.0,55001.0,51655.0,0.4192,0.9077,26662,0.57441,0.3484657825960701,33655.0,0.3080357142857143,0.15029761904761904,0.2449404761904762,0.22321428571428573,0.7752976190476191
212601,Gannon University,PA,2,2365.0,0.6636,0.7617,,22553.0,23031.0,52869.0,58845.0,0.2384,0.7416,22553,0.6930299999999999,0.39138414478715267,35814.0,0.5610119047619048,0.0625,0.36160714285714285,0.30654761904761907,0.3244047619047619
212674,Gettysburg College,PA,2,2099.0,0.8253,0.9121,,31490.0,23250.0,81960.0,71517.0,0.2099,0.389,31490,0.85134,0.3250975292587776,48267.0,0.8035714285714286,0.23809523809523808,0.5773809523809523,0.13095238095238096,0.25297619047619047
212984,Holy Family University,PA,2,2464.0,0.6091,0.7773,,13143.0,21175.0,40539.0,62235.0,0.4105,0.7104,13143,0.6595599999999999,0.34024262874588257,41059.99999999999,0.6502976190476191,0.18303571428571427,0.46339285714285716,0.7901785714285714,0.7485119047619048
213020,Indiana University of Pennsylvania,PA,1,6764.0,0.5551,0.7534,16804.0,,19995.0,26898.0,51019.0,0.3683,0.9077,16804,0.61459,0.3919128167937435,31023.999999999996,0.2976190476190476,0.06101190476190476,0.20297619047619048,0.5550595238095238,0.6569940476190477
213349,Kutztown University of Pennsylvania,PA,1,6180.0,0.5382,0.7779,21331.0,,20000.0,29866.0,53775.0,0.3266,0.9075,21331,0.6101099999999999,0.3719200371920037,33775.0,0.38095238095238093,0.10119047619047619,0.26904761904761904,0.3541666666666667,0.5617559523809523
213385,Lafayette College,PA,2,2757.0,0.8759,0.8967,,34433.0,14000.0,83133.0,91410.0,0.1165,0.3145,34433,0.8821399999999999,0.1531561098348102,77410.0,0.9538690476190477,0.9523809523809523,0.9532738095238095,0.09672619047619048,0.011904761904761904
213543,Lehigh University,PA,2,5898.0,0.8791,0.937,,36931.0,19500.0,80856.0,105584.0,0.1771,0.2593,36931,0.89647,0.18468707379906046,86084.0,0.9866071428571429,0.8913690476190477,0.9485119047619048,0.07291666666666667,0.15178571428571427
213987,Mercyhurst University,PA,2,2191.0,0.6017,0.7979,,19444.0,19500.0,59557.0,47452.0,0.3133,0.8102,19444,0.66056,0.41094158307342155,27952.0,0.20238095238095238,0.04017857142857143,0.1375,0.41369047619047616,0.5267857142857143
213996,Messiah University,PA,2,2259.0,0.7496,0.8857,,26502.0,21911.0,55875.0,54064.0,0.1964,0.7897,26502,0.79043,0.4052789286771234,32152.999999999996,0.38839285714285715,0.050595238095238096,0.2532738095238095,0.22767857142857142,0.20982142857142858
214041,Millersville University of Pennsylvania,PA,1,5728.0,0.5763,0.7711,20787.0,,17220.0,26913.0,55246.0,0.2731,0.8619,20787,0.63474,0.31169677442710786,38026.0,0.4330357142857143,0.28125,0.3723214285714286,0.36681547619047616,0.40476190476190477
214591,Pennsylvania State University-Penn State Erie-Behrend College,PA,1,3240.0,0.4363,0.8325,24558.0,,19500.0,34081.0,63435.0,0.2889,0.9683,24558,0.55516,0.3074012768976117,43935.0,0.6882440476190477,0.3072916666666667,0.5358630952380953,0.25892857142857145,0.4642857142857143
214689,Pennsylvania State University-Penn State Altoona,PA,1,2367.0,0.165,0.7952,22213.0,,19500.0,32559.0,63435.0,0.2937,0.9806,22213,0.35406,0.3074012768976117,43935.0,0.6882440476190477,0.3072916666666667,0.5358630952380953,0.32589285714285715,0.4732142857142857
214713,Pennsylvania State University-Penn State Harrisburg,PA,1,4031.0,0.2612,0.8212,23330.0,,19500.0,32521.0,63435.0,0.2613,0.976,23330,0.42919999999999997,0.3074012768976117,43935.0,0.6882440476190477,0.3072916666666667,0.5358630952380953,0.29464285714285715,0.37648809523809523
214777,Pennsylvania State University-Main Campus,PA,1,42284.0,0.8609,0.9264,32875.0,,19500.0,39694.0,63435.0,0.1388,0.6056,32875,0.8805499999999999,0.3074012768976117,43935.0,0.6882440476190477,0.3072916666666667,0.5358630952380953,0.11160714285714286,0.05654761904761905
214801,Pennsylvania State University-Penn State Abington,PA,1,2877.0,0.1975,0.7723,18071.0,,19500.0,28795.0,63435.0,0.3877,0.9677,18071,0.36993999999999994,0.3074012768976117,43935.0,0.6882440476190477,0.3072916666666667,0.5358630952380953,0.4880952380952381,0.7023809523809523
215062,University of Pennsylvania,PA,2,10650.0,0.9654,0.9888,,28699.0,14000.0,89028.0,111371.0,0.1653,0.054,28699,0.97242,0.1257059737274515,97371.0,0.9910714285714286,0.9806547619047619,0.986904761904762,0.19047619047619047,0.11979166666666667
215293,University of Pittsburgh-Pittsburgh Campus,PA,1,20370.0,0.855,0.9199,30434.0,,20500.0,38105.0,66125.0,0.1398,0.5808,30434,0.8744699999999999,0.31001890359168244,45624.99999999999,0.7366071428571429,0.2916666666666667,0.5586309523809524,0.15178571428571427,0.05803571428571429
215442,Point Park University,PA,2,2331.0,0.5854,0.7394,,25942.0,20957.0,52643.0,45856.0,0.387,0.9691,25942,0.6315999999999999,0.4570176203768318,24899.0,0.16815476190476192,0.020833333333333332,0.10922619047619048,0.23660714285714285,0.6979166666666666
215655,Robert Morris University,PA,2,2896.0,0.6569,0.832,,23003.0,23250.0,51621.0,62105.0,0.233,0.8989,23003,0.70943,0.37436599307624185,38855.0,0.6391369047619048,0.09226190476190477,0.4203869047619047,0.29910714285714285,0.3169642857142857
215770,Saint Joseph's University - Philadelphia,PA,2,4948.0,0.7884,0.8868,,29689.0,21500.0,67954.0,86881.0,0.198,0.8883,29689,0.81792,0.24746492328587377,65381.0,0.9360119047619048,0.6577380952380952,0.824702380952381,0.16071428571428573,0.21502976190476192
215929,University of Scranton,PA,2,3554.0,0.7979,0.8538,,32568.0,25500.0,69552.0,74652.0,0.2406,0.8123,32568,0.81467,0.3415849541874297,49152.00000000001,0.8452380952380952,0.17410714285714285,0.5767857142857142,0.11607142857142858,0.3288690476190476
216010,Shippensburg University of Pennsylvania,PA,1,4086.0,0.557,0.7681,23726.0,,16192.0,30785.0,56351.0,0.2977,0.865,23726,0.62033,0.2873418395414456,40159.0,0.47172619047619047,0.41964285714285715,0.45089285714285715,0.28422619047619047,0.4806547619047619
216038,Slippery Rock University of Pennsylvania,PA,1,6788.0,0.6557,0.8401,19608.0,,19500.0,25537.0,53032.0,0.3052,0.7147,19608,0.71102,0.36770251923367026,33532.0,0.35267857142857145,0.10714285714285714,0.2544642857142857,0.40625,0.5074404761904762
216278,Susquehanna University,PA,2,2163.0,0.8174,0.8633,,28819.0,27000.0,75410.0,61723.0,0.249,0.8143,28819,0.83117,0.4374382321014857,34723.0,0.6294642857142857,0.02976190476190476,0.38958333333333334,0.18154761904761904,0.3541666666666667
216339,Temple University,PA,1,20970.0,0.7505,0.8261,28198.0,,19750.0,40903.0,63727.0,0.3197,0.8041,28198,0.7731799999999999,0.3099157343041411,43977.0,0.6994047619047619,0.2931547619047619,0.5369047619047619,0.19791666666666666,0.5461309523809523
216366,Thomas Jefferson University,PA,2,3755.0,0.6857,0.8246,,28928.0,12500.0,64197.0,77449.0,0.3747,0.8097,28928,0.72737,0.16139653191132228,64949.0,0.8720238095238095,0.9315476190476191,0.8958333333333334,0.1800595238095238,0.6726190476190477
216597,Villanova University,PA,2,6938.0,0.9186,0.9506,,43756.0,25000.0,84793.0,100423.0,0.1202,0.2698,43756,0.9281999999999999,0.24894695438296008,75423.0,0.9702380952380952,0.6443452380952381,0.8398809523809523,0.022321428571428572,0.019345238095238096
216764,West Chester University of Pennsylvania,PA,1,14164.0,0.7051,0.8311,23331.0,,18750.0,28394.0,61258.0,0.254,0.784,23331,0.7428999999999999,0.30608247086094875,42508.0,0.6130952380952381,0.31398809523809523,0.493452380952381,0.2931547619047619,0.3630952380952381
216852,Widener University,PA,2,2951.0,0.6832,0.7836,,25759.0,24567.0,70621.0,70920.0,0.328,0.7093,25759,0.71332,0.34640439932318107,46352.99999999999,0.7946428571428571,0.16071428571428573,0.5410714285714285,0.23809523809523808,0.5677083333333334
217059,York College of Pennsylvania,PA,2,3265.0,0.641,0.7821,,18556.0,19500.0,37319.0,61012.0,0.2808,0.7374,18556,0.68333,0.31960925719530586,41512.0,0.6086309523809523,0.25744047619047616,0.4681547619047619,0.46577380952380953,0.4330357142857143
217156,Brown University,RI,2,7226.0,0.9569,0.9882,,25184.0,10000.0,87648.0,93487.0,0.1384,0.0539,25184,0.9662899999999999,0.1069667440392782,83487.0,0.9627976190476191,0.9910714285714286,0.9741071428571428,0.25148809523809523,0.05505952380952381
217165,Bryant University,RI,2,3194.0,0.7975,0.8691,,41219.0,23250.0,69964.0,90008.0,0.1253,0.6546,41219,0.8189799999999998,0.2583103724113412,66758.0,0.9494047619047619,0.5922619047619048,0.8065476190476191,0.03273809523809524,0.031994047619047616
217235,Johnson & Wales University-Providence,RI,2,3868.0,0.5541,0.8199,,31027.0,16334.0,60314.0,43418.0,0.3004,0.8841,31027,0.63384,0.37620341793726103,27083.999999999996,0.10491071428571429,0.08854166666666667,0.09836309523809525,0.13988095238095238,0.49107142857142855
217402,Providence College,RI,2,4229.0,0.8582,0.9395,,48523.0,27000.0,80466.0,87054.0,0.1343,0.5089,48523,0.88259,0.3101523192501206,60054.00000000001,0.9375,0.29017857142857145,0.6785714285714286,0.01636904761904762,0.049107142857142856
217420,Rhode Island College,RI,1,5049.0,0.4813,0.7334,9478.0,,13833.0,17454.0,56318.0,0.4205,0.9182,9478,0.55693,0.24562306900102987,42485.0,0.46875,0.6681547619047619,0.5485119047619047,0.9107142857142857,0.7782738095238095
217484,University of Rhode Island,RI,1,13381.0,0.7331,0.8362,21440.0,,17750.0,34321.0,69743.0,0.2176,0.7216,21440,0.76403,0.25450582854193254,51992.99999999999,0.7767857142857143,0.6205357142857143,0.7142857142857143,0.35267857142857145,0.2767857142857143
217493,Rhode Island School of Design,RI,2,2084.0,0.8877,0.9504,,50507.0,23250.0,81727.0,68140.0,0.1482,0.1866,50507,0.9065099999999999,0.3412092750220135,44890.0,0.7574404761904762,0.17559523809523808,0.5247023809523809,0.00744047619047619,0.07589285714285714
217518,Roger Williams University,RI,2,3946.0,0.6865,0.8109,,37999.0,19500.0,61950.0,70266.0,0.164,0.8771,37999,0.7238199999999999,0.2775168644863803,50766.0,0.7886904761904762,0.4791666666666667,0.6648809523809524,0.0625,0.11458333333333333
217536,Salve Regina University,RI,2,2121.0,0.7688,0.8279,,36967.0,27000.0,70630.0,72975.0,0.1507,0.6817,36967,0.78653,0.3699897225077081,45975.0,0.8229166666666666,0.10416666666666667,0.5354166666666667,0.07142857142857142,0.08333333333333333
217633,Anderson University,SC,2,3183.0,0.6568,0.8186,,23544.0,22000.0,50192.0,42101.0,0.2077,0.5471,23544,0.70534,0.5225529084819838,20101.0,0.07738095238095238,0.005952380952380952,0.04880952380952381,0.28869047619047616,0.24404761904761904
217688,Charleston Southern University,SC,2,2893.0,0.4724,0.6314,,21666.0,18250.0,44558.0,45898.0,0.3449,0.9646,21666,0.5201,0.3976208113643296,27648.0,0.17113095238095238,0.05803571428571429,0.12589285714285714,0.34226190476190477,0.6078869047619048
217749,Bob Jones University,SC,2,2005.0,0.6475,0.8245,,16641.0,12453.0,36580.0,44354.0,0.3286,,16641,0.7005999999999999,0.2807638544437931,31901.0,0.12053571428571429,0.45982142857142855,0.25625,0.5699404761904762,0.5699404761904762
217819,College of Charleston,SC,1,10558.0,0.6583,0.8196,18960.0,,17500.0,32362.0,56416.0,0.1883,0.6003,18960,0.7066899999999999,0.310195689166194,38916.0,0.47470238095238093,0.28869047619047616,0.400297619047619,0.4419642857142857,0.18303571428571427
217864,Citadel Military College of South Carolina,SC,1,2705.0,0.75,0.8578,20723.0,,18000.0,33880.0,72085.0,0.198,0.2272,20723,0.7823399999999999,0.24970520912811264,54085.0,0.8139880952380952,0.6369047619047619,0.7431547619047618,0.37202380952380953,0.21502976190476192
217882,Clemson University,SC,1,23300.0,0.8656,0.9347,22253.0,,19000.0,35015.0,71513.0,0.1475,0.3834,22253,0.8863300000000001,0.26568595919623006,52513.0,0.8020833333333334,0.5565476190476191,0.7038690476190477,0.3244047619047619,0.07291666666666667
218061,Francis Marion University,SC,1,2628.0,0.4339,0.7002,11386.0,,15617.0,23850.0,43888.0,0.3762,0.8639,11386,0.51379,0.3558375865840321,28271.0,0.10714285714285714,0.1324404761904762,0.11726190476190476,0.8541666666666666,0.6755952380952381
218070,Furman University,SC,2,2379.0,0.7876,0.9061,,30308.0,19500.0,76798.0,68635.0,0.1319,0.4295,30308,0.8231499999999999,0.28411160486632187,49134.99999999999,0.7633928571428571,0.43898809523809523,0.6336309523809524,0.15327380952380953,0.047619047619047616
218229,Lander University,SC,1,3397.0,0.4977,0.6961,15363.0,,12503.0,27277.0,42396.0,0.3873,0.8131,15363,0.55722,0.29490989716010946,29893.0,0.08482142857142858,0.3705357142857143,0.19910714285714287,0.6443452380952381,0.7001488095238095
218645,University of South Carolina Aiken,SC,1,2962.0,0.3985,0.6678,11641.0,,13000.0,21540.0,45603.0,0.3924,0.7854,11641,0.47929,0.2850689647610903,32603.000000000004,0.1636904761904762,0.43154761904761907,0.27083333333333337,0.8511904761904762,0.7157738095238095
218654,University of South Carolina Beaufort,SC,1,2052.0,0.3399,0.6126,14656.0,,13750.0,24353.0,48088.0,0.4011,0.725,14656,0.42171,0.2859341207785726,34338.0,0.22321428571428573,0.42410714285714285,0.3035714285714286,0.6875,0.7336309523809523
218663,University of South Carolina-Columbia,SC,1,29820.0,0.7882,0.922,22811.0,,18500.0,31638.0,62177.0,0.1911,0.6015,22811,0.8283400000000001,0.2975376747028644,43677.0,0.6443452380952381,0.35267857142857145,0.5276785714285714,0.3020833333333333,0.19047619047619047
218724,Coastal Carolina University,SC,1,10377.0,0.4846,0.7743,13966.0,,16979.0,26692.0,47258.0,0.2624,0.7527,13966,0.57151,0.35928308434550765,30278.999999999996,0.19791666666666666,0.12351190476190477,0.16815476190476192,0.7336309523809523,0.3794642857142857
218733,South Carolina State University,SC,1,2934.0,0.3663,0.5646,18097.0,,20900.0,30015.0,38262.0,0.7049,0.8262,18097,0.42579,0.5462338612722806,17362.0,0.049107142857142856,0.004464285714285714,0.03125,0.48660714285714285,0.9613095238095238
218742,University of South Carolina-Upstate,SC,1,4038.0,0.4304,0.6985,13557.0,,15000.0,25124.0,48587.0,0.4619,0.6726,13557,0.51083,0.30872455595118037,33587.0,0.23809523809523808,0.29910714285714285,0.2625,0.75,0.8288690476190477
218964,Winthrop University,SC,1,3523.0,0.5698,0.7361,15343.0,,19000.0,30710.0,47185.0,0.4096,0.7925,15343,0.61969,0.40267034015047154,28185.0,0.19642857142857142,0.052083333333333336,0.1386904761904762,0.6488095238095238,0.7455357142857143
219082,Dakota State University,SD,1,2071.0,0.513,0.7546,21057.0,,14250.0,25753.0,50970.0,0.1681,0.8805,21057,0.58548,0.279576221306651,36719.99999999999,0.29464285714285715,0.46726190476190477,0.36369047619047623,0.3586309523809524,0.12648809523809523
219347,South Dakota School of Mines and Technology,SD,1,2071.0,0.5295,0.8409,20183.0,,17306.0,25385.0,72257.0,0.1687,0.7987,20183,0.6229199999999999,0.23950620701108544,54951.0,0.8184523809523809,0.6994047619047619,0.7708333333333333,0.3869047619047619,0.12946428571428573
219356,South Dakota State University,SD,1,9198.0,0.6235,0.8381,19841.0,,16246.0,24636.0,55070.0,0.1682,0.9834,19841,0.68788,0.295006355547485,38824.0,0.42410714285714285,0.36904761904761907,0.40208333333333335,0.39732142857142855,0.12797619047619047
219471,University of South Dakota,SD,1,5439.0,0.5991,0.7934,19858.0,,17500.0,24422.0,51926.0,0.1866,0.9878,19858,0.6573899999999999,0.33701806416823943,34426.0,0.32142857142857145,0.18898809523809523,0.268452380952381,0.3943452380952381,0.17410714285714285
219602,Austin Peay State University,TN,1,7560.0,0.4024,0.6997,9735.0,,13202.0,22233.0,44301.0,0.435,0.9641,9735,0.49158999999999997,0.29800681700187354,31099.000000000004,0.11904761904761904,0.35119047619047616,0.2119047619047619,0.9047619047619048,0.8035714285714286
219709,Belmont University,TN,2,7137.0,0.7066,0.8694,,33147.0,17500.0,62570.0,55930.0,0.2075,0.9528,33147,0.7554399999999999,0.31289111389236546,38430.0,0.45089285714285715,0.27529761904761907,0.3806547619047619,0.10416666666666667,0.2425595238095238
219949,Cumberland University,TN,2,2104.0,0.4559,0.5947,,18759.0,11250.0,43358.0,57687.0,0.3028,0.6733,18759,0.49754,0.19501794165063185,46437.0,0.5208333333333334,0.8645833333333334,0.6583333333333334,0.4538690476190476,0.49851190476190477
219976,Lipscomb University,TN,2,2997.0,0.7216,0.8357,,24739.0,15350.0,55117.0,55541.0,0.241,0.6773,24739,0.75583,0.2763724095713077,40191.0,0.43898809523809523,0.48660714285714285,0.4580357142857143,0.25744047619047616,0.33035714285714285
220075,East Tennessee State University,TN,1,10004.0,0.5321,0.7572,15983.0,,14400.0,27042.0,44859.0,0.3483,0.8619,15983,0.5996299999999999,0.32100581823045543,30459.000000000004,0.13541666666666666,0.25,0.18125,0.6071428571428571,0.6205357142857143
220613,Lee University,TN,2,2617.0,0.6259,0.8227,,18878.0,19500.0,35688.0,43222.0,0.2874,0.7052,18878,0.6849399999999999,0.45115913192355744,23721.999999999996,0.09821428571428571,0.023809523809523808,0.06845238095238096,0.44494047619047616,0.45982142857142855
220862,University of Memphis,TN,1,12701.0,0.5089,0.7738,12397.0,,15809.0,25169.0,48458.0,0.4122,0.7203,12397,0.5883700000000001,0.32624128110941436,32648.999999999996,0.23214285714285715,0.2261904761904762,0.22976190476190478,0.8229166666666666,0.7574404761904762
220978,Middle Tennessee State University,TN,1,16301.0,0.537,0.7952,13359.0,,14093.0,24289.0,48541.0,0.3177,0.6909,13359,0.61446,0.290331884386395,34448.0,0.23660714285714285,0.40327380952380953,0.30327380952380956,0.7663690476190477,0.5372023809523809
221661,Southern Adventist University,TN,2,2773.0,0.4939,0.8281,,24345.0,18000.0,38618.0,53723.0,0.3063,0.655,24345,0.59416,0.33505202613405805,35723.0,0.37648809523809523,0.19642857142857142,0.3044642857142857,0.2708333333333333,0.5126488095238095
221740,The University of Tennessee-Chattanooga,TN,1,10074.0,0.5024,0.7252,14265.0,,12000.0,25489.0,51151.0,0.328,0.8109,14265,0.56924,0.23459951907098592,39151.0,0.3005952380952381,0.7217261904761905,0.46904761904761905,0.7098214285714286,0.5677083333333334
221759,The University of Tennessee-Knoxville,TN,1,30418.0,0.7392,0.919,18976.0,,16000.0,33678.0,60249.0,0.1889,0.416,18976,0.79314,0.26556457368587033,44249.0,0.5907738095238095,0.5580357142857143,0.5776785714285715,0.44047619047619047,0.18601190476190477
221768,The University of Tennessee-Martin,TN,1,4866.0,0.5254,0.7696,10701.0,,12981.0,23079.0,44213.0,0.3442,0.882,10701,0.59866,0.2936014294438287,31232.0,0.11458333333333333,0.38095238095238093,0.22113095238095237,0.8824404761904762,0.6041666666666666
221838,Tennessee State University,TN,1,4848.0,0.3399,0.335,15796.0,,17500.0,25637.0,42730.0,0.5113,0.7011,15796,0.33843,0.4095483267025509,25230.0,0.08928571428571429,0.041666666666666664,0.07023809523809524,0.6190476190476191,0.8735119047619048
221847,Tennessee Technological University,TN,1,8698.0,0.5767,0.7816,14246.0,,11000.0,25663.0,48501.0,0.309,0.7613,14246,0.6381699999999999,0.22679944743407351,37501.0,0.23511904761904762,0.7559523809523809,0.443452380952381,0.7172619047619048,0.5178571428571429
221999,Vanderbilt University,TN,2,7208.0,0.9354,0.9634,,15846.0,12913.0,89590.0,91565.0,0.2022,0.0586,15846,0.9438,0.14102550101021133,78652.0,0.9553571428571429,0.9657738095238095,0.9595238095238094,0.6145833333333334,0.22767857142857142
222178,Abilene Christian University,TX,2,3195.0,0.5901,0.8051,,26182.0,14750.0,59256.0,55736.0,0.2233,0.6603,26182,0.6546,0.2646404478254629,40986.0,0.4419642857142857,0.5639880952380952,0.49077380952380956,0.23363095238095238,0.28869047619047616
222831,Angelo State University,TX,1,5643.0,0.4397,0.6864,15091.0,,12394.0,23441.0,50116.0,0.2764,0.8301,15091,0.5137099999999999,0.24730624950115732,37722.0,0.27380952380952384,0.6592261904761905,0.4279761904761905,0.6681547619047619,0.41443452380952384
223232,Baylor University,TX,2,14785.0,0.7999,0.9095,,41104.0,19500.0,74226.0,65793.0,0.1245,0.5128,41104,0.8327800000000001,0.2963841138114997,46292.99999999999,0.7321428571428571,0.3601190476190476,0.5833333333333333,0.03571428571428571,0.027529761904761904
224147,Texas A & M University-Corpus Christi,TX,1,8034.0,0.4015,0.5843,15225.0,,15273.0,25210.0,51865.0,0.429,0.8858,15225,0.45634,0.294476043574665,36592.0,0.31845238095238093,0.37351190476190477,0.3404761904761905,0.6636904761904762,0.7991071428571429
224226,Dallas Baptist University,TX,2,2403.0,0.5701,0.6437,,28516.0,16000.0,52716.0,56807.0,0.2305,0.8884,28516,0.59218,0.2816554297885824,40807.0,0.48214285714285715,0.45089285714285715,0.46964285714285714,0.19345238095238096,0.30952380952380953
224554,East Texas A&M University,TX,1,9912.0,0.4281,0.5723,11841.0,,14250.0,23438.0,50296.0,0.4047,0.9224,11841,0.47136,0.2833227294417051,36046.0,0.27901785714285715,0.4419642857142857,0.34419642857142857,0.8407738095238095,0.7380952380952381
225399,Houston Christian University,TX,2,2886.0,0.4912,0.6933,,20629.0,11000.0,50082.0,55933.0,0.5554,0.8444,20629,0.55183,0.19666386569645827,44932.99999999999,0.4523809523809524,0.8571428571428571,0.6142857142857143,0.37648809523809523,0.9002976190476191
225414,University of Houston-Clear Lake,TX,1,6078.0,0.5163,0.7444,15563.0,,13548.0,24622.0,59004.0,0.4524,0.9052,15563,0.58473,0.22961155175920275,45456.0,0.5625,0.7395833333333334,0.6333333333333333,0.6339285714285714,0.8214285714285714
225432,University of Houston-Downtown,TX,1,12555.0,0.332,0.6709,10542.0,,13750.0,20749.0,53551.0,0.5522,0.8996,10542,0.43367,0.2567645795596721,39801.0,0.37202380952380953,0.6056547619047619,0.4654761904761905,0.8854166666666666,0.8973214285714286
225502,Texas A&M University-Victoria,TX,1,2513.0,0.2638,0.651,8109.0,,13565.0,21401.0,54467.0,0.4893,0.959,8109,0.37995999999999996,0.24904988341564618,40902.0,0.40476190476190477,0.6428571428571429,0.5,0.9479166666666666,0.8541666666666666
225511,University of Houston,TX,1,38380.0,0.6456,0.8699,14276.0,,14000.0,26185.0,62377.0,0.4165,0.7392,14276,0.7128899999999999,0.22444170126809562,48377.0,0.6517857142857143,0.7633928571428571,0.6964285714285714,0.7083333333333334,0.7730654761904762
225627,University of the Incarnate Word,TX,2,4440.0,0.5098,0.7129,,22775.0,21231.0,48681.0,56733.0,0.446,0.9814,22775,0.57073,0.37422664057955685,35502.0,0.4791666666666667,0.09375,0.32499999999999996,0.30357142857142855,0.8125
226091,Lamar University,TX,1,8150.0,0.3732,0.6187,9366.0,,12500.0,22254.0,49652.0,0.4649,0.8641,9366,0.44684999999999997,0.25175219527914283,37152.0,0.26339285714285715,0.6279761904761905,0.40922619047619047,0.9136904761904762,0.8363095238095238
226152,Texas A & M International University,TX,1,6667.0,0.4647,0.7783,3637.0,,11000.0,15558.0,48386.0,0.6451,0.4437,3637,0.5587799999999999,0.22733848633902368,37386.0,0.22916666666666666,0.7514880952380952,0.4380952380952381,0.9925595238095238,0.9449404761904762
226471,University of Mary Hardin-Baylor,TX,2,2759.0,0.4931,0.6242,,26106.0,15750.0,46874.0,56132.0,0.3965,0.9576,26106,0.53243,0.2805886125561177,40382.0,0.45982142857142855,0.46130952380952384,0.46041666666666664,0.23511904761904762,0.7239583333333334
226833,Midwestern State University,TX,1,4087.0,0.4274,0.6393,11656.0,,13051.0,22652.0,55747.0,0.4065,0.9352,11656,0.49097,0.23411125262345955,42696.0,0.44345238095238093,0.7247023809523809,0.555952380952381,0.8482142857142857,0.7425595238095238
227216,University of North Texas,TX,1,34341.0,0.6071,0.7665,15649.0,,14000.0,26243.0,57010.0,0.3804,0.7223,15649,0.65492,0.2455709524644799,43010.0,0.49404761904761907,0.6696428571428571,0.5642857142857143,0.6279761904761905,0.6830357142857143
227368,The University of Texas Rio Grande Valley,TX,1,28666.0,0.509,0.8111,4831.0,,9593.0,16830.0,49620.0,0.6508,0.9419,4831,0.59963,0.19332930270052398,40027.0,0.25892857142857145,0.8660714285714286,0.5017857142857143,0.9821428571428571,0.9508928571428571
227526,Prairie View A & M University,TX,1,8877.0,0.432,0.7562,13570.0,,17500.0,26362.0,45411.0,0.656,0.7931,13570,0.52926,0.38536918367796347,27911.0,0.15773809523809523,0.06994047619047619,0.12261904761904761,0.7485119047619048,0.9523809523809523
227757,Rice University,TX,2,4776.0,0.9464,0.9741,,13370.0,9716.0,79788.0,89718.0,0.1703,0.08,13370,0.95471,0.10829487951135781,80002.0,0.9479166666666666,0.9895833333333334,0.9645833333333333,0.7633928571428571,0.1324404761904762
227845,Saint Edward's University,TX,2,2493.0,0.6259,0.7967,,25578.0,20000.0,66719.0,58826.0,0.4237,0.8142,25578,0.67714,0.3399857205997348,38826.0,0.5580357142857143,0.18452380952380953,0.4086309523809524,0.24107142857142858,0.7857142857142857
227863,University of St Thomas,TX,2,3220.0,0.6877,0.777,,19359.0,12548.0,45672.0,59224.0,0.4164,0.8992,19359,0.71449,0.21187356477103877,46676.0,0.5729166666666666,0.8080357142857143,0.6669642857142857,0.4166666666666667,0.7708333333333334
227881,Sam Houston State University,TX,1,17743.0,0.5476,0.7325,16404.0,,16500.0,25505.0,54211.0,0.4133,0.9026,16404,0.60307,0.30436627252771575,37711.0,0.3943452380952381,0.32142857142857145,0.36517857142857146,0.5818452380952381,0.7589285714285714
228246,Southern Methodist University,TX,2,7277.0,0.8427,0.9052,,40892.0,15311.0,85606.0,78354.0,0.1276,0.6335,40892,0.8614499999999998,0.1954080200117416,63043.0,0.8824404761904762,0.8630952380952381,0.8747023809523811,0.03720238095238095,0.04017857142857143
228431,Stephen F Austin State University,TX,1,8728.0,0.5333,0.7169,14260.0,,17750.0,25791.0,49634.0,0.3887,0.9399,14260,0.5883799999999999,0.3576177620179716,31884.0,0.2604166666666667,0.12797619047619047,0.20744047619047618,0.7127976190476191,0.7113095238095238
228459,Texas State University,TX,1,36177.0,0.5528,0.8008,16805.0,,14993.0,28073.0,56906.0,0.3724,0.8932,16805,0.6272,0.263469581414965,41913.0,0.48660714285714285,0.5714285714285714,0.5205357142857142,0.5535714285714286,0.6666666666666666
228529,Tarleton State University,TX,1,12673.0,0.4821,0.6985,20783.0,,13989.0,24100.0,53040.0,0.344,0.8955,20783,0.54702,0.2637443438914027,39051.0,0.3556547619047619,0.5684523809523809,0.4407738095238095,0.36904761904761907,0.6026785714285714
228705,Texas A&M University-Kingsville,TX,1,4748.0,0.4187,0.6459,12090.0,,15873.0,24060.0,51450.0,0.5273,0.9092,12090,0.48686,0.3085131195335277,35576.99999999999,0.30357142857142855,0.3005952380952381,0.30238095238095236,0.8333333333333334,0.8869047619047619
228723,Texas A&M University-College Station,TX,1,59615.0,0.8391,0.9431,21315.0,,15000.0,32696.0,72097.0,0.1964,0.5743,21315,0.8703,0.20805303965490937,57097.0,0.8154761904761905,0.8258928571428571,0.8196428571428571,0.3556547619047619,0.20982142857142858
228769,The University of Texas at Arlington,TX,1,32294.0,0.5402,0.7294,13951.0,,11791.0,25261.0,63199.0,0.423,0.799,13951,0.5969599999999999,0.1865694077437934,51408.0,0.6770833333333334,0.8824404761904762,0.7592261904761906,0.7351190476190477,0.7827380952380952
228778,The University of Texas at Austin,TX,1,42855.0,0.889,0.9674,19857.0,,18909.0,31247.0,75121.0,0.2585,0.2664,19857,0.91252,0.2517139015721303,56211.99999999999,0.8497023809523809,0.6294642857142857,0.7616071428571428,0.3958333333333333,0.37202380952380953
228787,The University of Texas at Dallas,TX,1,21751.0,0.7569,0.8995,18267.0,,13750.0,29807.0,68227.0,0.2997,0.6513,18267,0.79968,0.2015331173875445,54477.0,0.7589285714285714,0.8452380952380952,0.7934523809523809,0.47619047619047616,0.4836309523809524
228796,The University of Texas at El Paso,TX,1,21005.0,0.5017,0.7894,9403.0,,12573.0,19836.0,50923.0,0.6161,0.9992,9403,0.5880099999999999,0.2469021856528484,38350.0,0.2931547619047619,0.6636904761904762,0.4413690476190476,0.9122023809523809,0.9360119047619048
228802,The University of Texas at Tyler,TX,1,7440.0,0.5413,0.7678,13323.0,,12500.0,24505.0,57053.0,0.3974,0.9402,13323,0.60925,0.21909452614235886,44553.0,0.4955357142857143,0.7857142857142857,0.6116071428571428,0.7693452380952381,0.7276785714285714
228875,Texas Christian University,TX,2,11026.0,0.8551,0.9287,,36660.0,19000.0,76604.0,68424.0,0.1432,0.4449,36660,0.8771799999999998,0.2776803460773997,49424.0,0.7619047619047619,0.47619047619047616,0.6476190476190475,0.07589285714285714,0.061755952380952384
229018,The University of Texas Permian Basin,TX,1,3911.0,0.3967,0.6093,12723.0,,12285.0,23886.0,56073.0,0.3869,0.9489,12723,0.46048,0.21908940131614146,43788.0,0.45535714285714285,0.7872023809523809,0.588095238095238,0.8050595238095238,0.6964285714285714
229027,The University of Texas at San Antonio,TX,1,30580.0,0.5264,0.7984,10836.0,,15000.0,22352.0,57131.0,0.4406,0.8679,10836,0.608,0.26255448005461135,42131.0,0.49851190476190477,0.5744047619047619,0.5288690476190476,0.8794642857142857,0.8065476190476191
229063,Texas Southern University,TX,1,6844.0,0.2216,0.6621,16590.0,,16250.0,27052.0,38924.0,0.7226,0.9691,16590,0.35375,0.417480217860446,22674.0,0.052083333333333336,0.03422619047619048,0.04494047619047619,0.5714285714285714,0.9717261904761905
229115,Texas Tech University,TX,1,32394.0,0.6869,0.8495,19070.0,,15250.0,27443.0,62454.0,0.2775,0.7265,19070,0.7356799999999999,0.24417971627117557,47204.0,0.6547619047619048,0.6815476190476191,0.6654761904761906,0.43452380952380953,0.4181547619047619
229179,Texas Woman's University,TX,1,8767.0,0.4906,0.6955,11963.0,,14000.0,22234.0,56544.0,0.4201,0.9612,11963,0.55207,0.2475947934352009,42544.0,0.47619047619047616,0.65625,0.5482142857142858,0.8377976190476191,0.7767857142857143
229267,Trinity University,TX,2,2505.0,0.8397,0.9287,,23464.0,19500.0,68224.0,71668.0,0.1877,0.2592,23464,0.8663999999999998,0.2720879611542111,52168.0,0.8080357142857143,0.5148809523809523,0.6907738095238095,0.29017857142857145,0.17782738095238096
229780,Wayland Baptist University,TX,2,2041.0,0.1929,0.4453,,20590.0,15467.0,36323.0,51838.0,0.457,0.5596,20590,0.26861999999999997,0.29837185076584744,36371.0,0.3169642857142857,0.34672619047619047,0.3288690476190476,0.37797619047619047,0.8258928571428571
229814,West Texas A & M University,TX,1,6917.0,0.5504,0.6963,19487.0,,12620.0,23482.0,50741.0,0.4111,0.9868,19487,0.59417,0.24871405766539878,38121.0,0.29017857142857145,0.6488095238095238,0.4336309523809524,0.41220238095238093,0.7529761904761905
230038,Brigham Young University,UT,2,32952.0,0.8098,0.9097,,15564.0,8310.0,22690.0,75790.0,0.321,0.6778,15564,0.8397699999999999,0.10964507190922285,67480.0,0.8586309523809523,0.9880952380952381,0.9104166666666667,0.6324404761904762,0.5505952380952381
230047,Brigham Young University-Hawaii,HI,2,2889.0,0.5264,0.7354,,16774.0,5500.0,25098.0,52064.0,0.151,0.4696,16774,0.5891,0.10563921327596804,46564.0,0.3273809523809524,0.9925595238095238,0.593452380952381,0.5610119047619048,0.08482142857142858
230603,Southern Utah University,UT,1,9289.0,0.6067,0.7552,10462.0,,7751.0,19416.0,50296.0,0.2488,0.8179,10462,0.65125,0.15410768251948465,42545.0,0.27901785714285715,0.9479166666666666,0.546577380952381,0.8869047619047619,0.35267857142857145
230728,Utah State University,UT,1,20272.0,0.5913,0.7084,14936.0,,9500.0,21654.0,54022.0,0.2578,0.9247,14936,0.62643,0.17585428158898225,44522.0,0.3869047619047619,0.9077380952380952,0.5952380952380953,0.6815476190476191,0.36904761904761907
230764,University of Utah,UT,1,27264.0,0.6505,0.8619,16200.0,,14000.0,25557.0,67170.0,0.1959,0.8598,16200,0.7139199999999999,0.20842638082477297,53170.0,0.7440476190476191,0.8229166666666666,0.7755952380952381,0.5982142857142857,0.20684523809523808
230852,Champlain College,VT,2,2752.0,0.6523,0.817,,35860.0,19500.0,65009.0,58386.0,0.2502,0.8292,35860,0.70171,0.3339841742883568,38886.0,0.5416666666666666,0.20535714285714285,0.4071428571428571,0.08333333333333333,0.35714285714285715
230959,Middlebury College,VT,2,2738.0,0.914,0.9366,,31483.0,11522.0,85880.0,76310.0,0.1589,0.1075,31483,0.92078,0.15098938540165116,64788.0,0.8645833333333334,0.9568452380952381,0.9014880952380953,0.13392857142857142,0.09970238095238096
230995,Norwich University,VT,2,2428.0,0.6021,0.7926,,22257.0,17501.0,67357.0,65575.0,0.2441,0.7444,22257,0.6592499999999999,0.26688524590163937,48074.0,0.7276785714285714,0.5491071428571429,0.65625,0.3229166666666667,0.3392857142857143
231165,Vermont State University,VT,1,3590.0,0.4722,0.6783,18212.0,,11000.0,25988.0,50331.0,0.3413,0.8167,18212,0.53403,0.21855317796189228,39331.0,0.28273809523809523,0.7901785714285714,0.48571428571428565,0.4791666666666667,0.5967261904761905
231174,University of Vermont,VT,1,11743.0,0.7859,0.8918,19343.0,,17500.0,35649.0,62472.0,0.1315,0.653,19343,0.81767,0.2801254962223076,44972.0,0.65625,0.4642857142857143,0.5794642857142858,0.4181547619047619,0.046130952380952384
231624,William & Mary,VA,1,7055.0,0.8942,0.9456,19096.0,,15500.0,43035.0,73490.0,0.1245,0.3407,19096,0.9096199999999999,0.21091304939447544,57990.0,0.8288690476190477,0.8154761904761905,0.8235119047619048,0.4330357142857143,0.027529761904761904
231651,Regent University,VA,2,4729.0,0.5692,0.7458,,19923.0,11000.0,32838.0,44498.0,0.5115,0.3812,19923,0.62218,0.24720212144366038,33498.0,0.12648809523809523,0.6607142857142857,0.34017857142857144,0.39285714285714285,0.875
231712,Christopher Newport University,VA,1,4365.0,0.7164,0.8124,23015.0,,19500.0,33766.0,60509.0,0.1613,0.8604,23015,0.7452000000000001,0.3222661091738419,41009.0,0.5982142857142857,0.24553571428571427,0.45714285714285713,0.2976190476190476,0.10714285714285714
232186,George Mason University,VA,1,27752.0,0.6784,0.8599,17915.0,,15750.0,28604.0,76343.0,0.3013,0.8748,17915,0.73285,0.20630575167336887,60593.0,0.8660714285714286,0.8318452380952381,0.8523809523809525,0.49702380952380953,0.4955357142857143
232265,Hampton University,VA,2,3727.0,0.5716,0.8534,,25319.0,19500.0,46027.0,59159.0,0.3935,0.6225,25319,0.65614,0.32962017613549927,39658.99999999999,0.5684523809523809,0.21577380952380953,0.42738095238095236,0.24851190476190477,0.7172619047619048
232423,James Madison University,VA,1,20888.0,0.7972,0.9198,23322.0,,17272.0,31735.0,69954.0,0.1712,0.7152,23322,0.8339799999999999,0.24690510907167568,52682.0,0.7797619047619048,0.6622023809523809,0.7327380952380953,0.2961309523809524,0.13690476190476192
232557,Liberty University,VA,2,50012.0,0.6533,0.8013,,29357.0,15943.0,42025.0,44813.0,0.3834,0.9898,29357,0.6977,0.3557672996675072,28870.0,0.13392857142857142,0.13392857142857142,0.13392857142857142,0.16964285714285715,0.6860119047619048
232566,Longwood University,VA,1,3015.0,0.6123,0.7977,19066.0,,19000.0,34588.0,52347.0,0.2771,0.9022,19066,0.6679199999999998,0.3629625384453741,33347.0,0.33630952380952384,0.11458333333333333,0.24761904761904763,0.4367559523809524,0.4166666666666667
232681,University of Mary Washington,VA,1,3566.0,0.6641,0.844,20667.0,,16250.0,31137.0,60613.0,0.2105,0.7978,20667,0.71807,0.26809430320228333,44363.0,0.5997023809523809,0.5431547619047619,0.5770833333333334,0.375,0.2544642857142857
232937,Norfolk State University,VA,1,5392.0,0.385,0.7256,15282.0,,17277.0,26633.0,44666.0,0.6497,0.8777,15282,0.48717999999999995,0.3868042806609054,27389.000000000004,0.12946428571428573,0.06696428571428571,0.10446428571428572,0.6547619047619048,0.9494047619047619
232982,Old Dominion University,VA,1,17514.0,0.4632,0.7691,14638.0,,16300.0,29446.0,54914.0,0.3682,0.9036,14638,0.55497,0.2968277670539389,38614.0,0.4166666666666667,0.35714285714285715,0.3928571428571429,0.6889880952380952,0.6547619047619048
233277,Radford University,VA,1,6038.0,0.4866,0.7557,14578.0,,17500.0,28405.0,53739.0,0.3713,0.8953,14578,0.56733,0.3256480395988016,36239.0,0.37797619047619047,0.23214285714285715,0.3196428571428571,0.6949404761904762,0.6636904761904762
233374,University of Richmond,VA,2,2980.0,0.852,0.9075,,31309.0,19000.0,80961.0,76178.0,0.1716,0.222,31309,0.8686499999999999,0.24941584184410198,57178.0,0.8630952380952381,0.6398809523809523,0.7738095238095238,0.13690476190476192,0.14136904761904762
233541,Shenandoah University,VA,2,2116.0,0.6682,0.8174,,30298.0,19500.0,51928.0,58433.0,0.1892,0.7695,30298,0.71296,0.33371553745315147,38933.0,0.5461309523809523,0.20684523809523808,0.4104166666666666,0.15625,0.1875
233921,Virginia Polytechnic Institute and State University,VA,1,30923.0,0.8622,0.9308,24953.0,,19000.0,36951.0,81698.0,0.1529,0.5478,24953,0.8827799999999999,0.2325638326519621,62698.0,0.9032738095238095,0.7276785714285714,0.8330357142857143,0.25297619047619047,0.08779761904761904
234030,Virginia Commonwealth University,VA,1,20753.0,0.6318,0.8534,23433.0,,17021.0,38954.0,58128.0,0.3119,0.9262,23433,0.69828,0.29281929534819706,41107.0,0.5342261904761905,0.3869047619047619,0.475297619047619,0.2916666666666667,0.5238095238095238
234076,University of Virginia-Main Campus,VA,1,17597.0,0.956,0.9755,21565.0,,15153.0,39926.0,86863.0,0.1555,0.1681,21565,0.9618499999999999,0.17444711787527487,71710.0,0.9345238095238095,0.9122023809523809,0.9255952380952381,0.34970238095238093,0.09077380952380952
234155,Virginia State University,VA,1,5074.0,0.3944,0.6939,15840.0,,17500.0,27661.0,45543.0,0.7213,0.8863,15840,0.48424999999999996,0.3842522451309751,28043.0,0.16220238095238096,0.07738095238095238,0.1282738095238095,0.6175595238095238,0.9702380952380952
234827,Central Washington University,WA,1,7833.0,0.5361,0.7005,18476.0,,13000.0,28816.0,61580.0,0.2828,0.9062,18476,0.58542,0.2111075024358558,48580.0,0.6279761904761905,0.8125,0.7017857142857142,0.47023809523809523,0.44419642857142855
235097,Eastern Washington University,WA,1,6222.0,0.4349,0.674,13886.0,,14053.0,24478.0,57897.0,0.351,0.9075,13886,0.50663,0.24272414805603054,43844.0,0.5252976190476191,0.6860119047619048,0.5895833333333333,0.7380952380952381,0.6235119047619048
235167,The Evergreen State College,WA,1,2160.0,0.4074,0.6986,24319.0,,15000.0,28477.0,45320.0,0.4156,0.9637,24319,0.49476,0.33097969991173876,30320.000000000004,0.15029761904761904,0.21428571428571427,0.17589285714285713,0.27380952380952384,0.7671130952380952
235316,Gonzaga University,WA,2,5198.0,0.8629,0.929,,35119.0,20500.0,73178.0,78892.0,0.1441,0.8169,35119,0.88273,0.2598489073670334,58392.00000000001,0.8898809523809523,0.5892857142857143,0.7696428571428572,0.08630952380952381,0.06770833333333333
236230,Pacific Lutheran University,WA,2,2401.0,0.6857,0.8194,,19589.0,17074.0,62459.0,66990.0,0.3527,0.7802,19589,0.72581,0.2548738617704135,49916.0,0.7425595238095238,0.6175595238095238,0.6925595238095239,0.40922619047619047,0.6309523809523809
236595,Seattle University,WA,2,4062.0,0.7551,0.8422,,34662.0,16658.0,72124.0,75272.0,0.2357,0.7692,34662,0.78123,0.22130407057073015,58614.00000000001,0.8511904761904762,0.7767857142857143,0.8214285714285714,0.09226190476190477,0.31994047619047616
236939,Washington State University,WA,1,21099.0,0.605,0.7834,14971.0,,14853.0,27648.0,68905.0,0.2738,0.8664,14971,0.65852,0.21555765183948916,54052.0,0.7693452380952381,0.7976190476190477,0.7806547619047619,0.6770833333333334,0.40773809523809523
236948,University of Washington-Seattle Campus,WA,1,31942.0,0.8518,0.9473,14091.0,,12375.0,32446.0,78466.0,0.1486,0.3915,14091,0.88045,0.15771162031962888,66091.0,0.8869047619047619,0.9404761904761905,0.9083333333333333,0.7247023809523809,0.07738095238095238
237011,Western Washington University,WA,1,13544.0,0.6464,0.7937,21193.0,,13500.0,30359.0,62569.0,0.2089,0.9325,21193,0.6905899999999999,0.21576179897393277,49069.0,0.6577380952380952,0.7961309523809523,0.713095238095238,0.35714285714285715,0.24702380952380953
237312,University of Charleston,WV,2,2259.0,0.4555,0.7479,,22107.0,12666.0,46470.0,55774.0,0.3143,0.6152,22107,0.5432199999999999,0.22709506221536918,43108.0,0.44494047619047616,0.7544642857142857,0.5687500000000001,0.3318452380952381,0.53125
237367,Fairmont State University,WV,1,2590.0,0.4425,0.6739,9032.0,,12500.0,20018.0,46857.0,0.3429,0.9862,9032,0.5119199999999999,0.26676910600337195,34357.0,0.18601190476190477,0.5505952380952381,0.33184523809523814,0.9270833333333334,0.6011904761904762
237525,Marshall University,WV,1,7266.0,0.5123,0.7218,7502.0,,16750.0,22022.0,46354.0,0.3868,0.9573,7502,0.5751499999999999,0.3613496138413082,29604.000000000004,0.17410714285714285,0.11904761904761904,0.15208333333333332,0.9568452380952381,0.6949404761904762
237792,Shepherd University,WV,1,2344.0,0.5103,0.7138,11363.0,,14297.0,19601.0,49358.0,0.2943,0.9678,11363,0.57135,0.2896592244418331,35061.0,0.25,0.40625,0.3125,0.8556547619047619,0.47619047619047616
238032,West Virginia University,WV,1,17385.0,0.6466,0.8343,15634.0,,15500.0,26415.0,55939.0,0.2157,0.89,15634,0.7029099999999999,0.27708754178658895,40439.0,0.4538690476190476,0.4836309523809524,0.46577380952380953,0.6294642857142857,0.265625
238458,Carroll University,WI,2,2523.0,0.707,0.7825,,15193.0,22000.0,52639.0,58009.0,0.2291,0.6684,15193,0.7296499999999999,0.3792514954576014,36009.0,0.5282738095238095,0.08035714285714286,0.34910714285714284,0.6651785714285714,0.30654761904761907
238476,Carthage College,WI,2,2660.0,0.6426,0.7339,,26565.0,19500.0,50822.0,56950.0,0.271,0.8706,26565,0.66999,0.3424056189640035,37450.0,0.49107142857142855,0.16815476190476192,0.36190476190476184,0.22470238095238096,0.3958333333333333
238616,Concordia University-Wisconsin,WI,2,2197.0,0.6835,0.781,,36201.0,19500.0,53315.0,56075.0,0.2673,0.782,36201,0.71275,0.34774855104770397,36575.0,0.4568452380952381,0.15327380952380953,0.33541666666666664,0.07886904761904762,0.3869047619047619
239105,Marquette University,WI,2,7660.0,0.8321,0.9097,,31487.0,20500.0,66768.0,78257.0,0.1839,0.8134,31487,0.8553799999999999,0.2619573967823965,57757.0,0.8809523809523809,0.5788690476190477,0.7601190476190477,0.1324404761904762,0.16964285714285715
239318,Milwaukee School of Engineering,WI,2,2654.0,0.6711,0.8378,,22453.0,24500.0,62648.0,89070.0,0.2417,0.5893,22453,0.7211099999999999,0.2750645559672168,64570.0,0.9449404761904762,0.5014880952380952,0.7675595238095239,0.3125,0.3318452380952381
240189,University of Wisconsin-Whitewater,WI,1,9405.0,0.589,0.7804,14158.0,,16241.0,18719.0,55356.0,0.2517,0.8572,14158,0.64642,0.29339186357395763,39115.0,0.43452380952380953,0.38244047619047616,0.4136904761904762,0.7209821428571429,0.3586309523809524
240268,University of Wisconsin-Eau Claire,WI,1,8895.0,0.6381,0.8175,16550.0,,13000.0,21705.0,58561.0,0.1964,0.8234,16550,0.69192,0.2219907446935674,45561.0,0.5520833333333334,0.7708333333333334,0.6395833333333334,0.5729166666666666,0.20982142857142858
240277,University of Wisconsin-Green Bay,WI,1,6341.0,0.4822,0.6591,13369.0,,11250.0,19366.0,52528.0,0.2183,0.8859,13369,0.53527,0.21417148949131892,41278.0,0.34077380952380953,0.8050595238095238,0.5264880952380953,0.7648809523809523,0.28125
240329,University of Wisconsin-La Crosse,WI,1,9277.0,0.7096,0.8651,16210.0,,18000.0,19593.0,60378.0,0.1441,0.755,16210,0.75625,0.29812183245553014,42378.0,0.59375,0.34970238095238093,0.4961309523809524,0.5967261904761905,0.06770833333333333
240365,University of Wisconsin-Oshkosh,WI,1,6877.0,0.4614,0.693,14305.0,,12500.0,19652.0,55548.0,0.1607,0.865,14305,0.53088,0.22503060416216605,43048.0,0.44047619047619047,0.7619047619047619,0.569047619047619,0.7038690476190477,0.10491071428571429
240374,University of Wisconsin-Parkside,WI,1,2844.0,0.404,0.6872,11772.0,,14000.0,18199.0,51129.0,0.3503,0.7539,11772,0.48896,0.2738172074556514,37129.0,0.29910714285714285,0.5059523809523809,0.38184523809523807,0.8422619047619048,0.6220238095238095
240417,University of Wisconsin-Stout,WI,1,5842.0,0.5486,0.789,17490.0,,16000.0,22797.0,58084.0,0.2386,0.8767,17490,0.6207199999999999,0.2754631223744921,42084.0,0.5327380952380952,0.49404761904761907,0.5172619047619047,0.5267857142857143,0.32589285714285715
240444,University of Wisconsin-Madison,WI,1,36902.0,0.8955,0.9616,17354.0,,18058.0,28679.0,73792.0,0.1594,0.452,17354,0.91533,0.24471487424111016,55734.0,0.8333333333333334,0.6770833333333334,0.7708333333333334,0.53125,0.10119047619047619
240453,University of Wisconsin-Milwaukee,WI,1,16758.0,0.4932,0.7295,15014.0,,15250.0,22756.0,54990.0,0.3275,0.9068,15014,0.56409,0.2773231496635752,39740.0,0.41964285714285715,0.4806547619047619,0.444047619047619,0.6726190476190477,0.5639880952380952
240462,University of Wisconsin-Platteville,WI,1,5837.0,0.5576,0.7903,16032.0,,15000.0,21266.0,61760.0,0.211,0.8938,16032,0.6274099999999999,0.24287564766839378,46760.0,0.6309523809523809,0.6845238095238095,0.6523809523809524,0.6041666666666666,0.25595238095238093
240471,University of Wisconsin-River Falls,WI,1,4205.0,0.57,0.7645,14054.0,,14865.0,19781.0,54458.0,0.2083,0.8172,14054,0.62835,0.2729626501156855,39593.0,0.40327380952380953,0.5104166666666666,0.44613095238095235,0.7306547619047619,0.24553571428571427
240480,University of Wisconsin-Stevens Point,WI,1,7306.0,0.5078,0.7383,14559.0,,14674.0,20079.0,52021.0,0.287,0.918,14559,0.57695,0.2820783914188501,37347.0,0.3244047619047619,0.4479166666666667,0.3738095238095238,0.6964285714285714,0.4583333333333333
240727,University of Wyoming,WY,1,7944.0,0.5884,0.7968,13599.0,,12000.0,24818.0,56880.0,0.2275,0.9688,13599,0.6509199999999999,0.2109704641350211,44880.0,0.4836309523809524,0.8139880952380952,0.6157738095238094,0.7455357142857143,0.2961309523809524
240754,University of Guam,GU,1,2515.0,0.369,0.7661,8598.0,,12500.0,14961.0,35946.0,0.4528,,8598,0.48812999999999995,0.347743837979191,23445.999999999996,0.041666666666666664,0.15476190476190477,0.0869047619047619,0.9389880952380952,0.8229166666666666
241410,Pontifical Catholic University of Puerto Rico-Ponce,PR,2,3874.0,0.4859,0.8312,,13192.0,11337.0,20508.0,24908.0,0.8065,0.9808,13192,0.58949,0.45515497029066965,13571.0,0.00744047619047619,0.022321428571428572,0.013392857142857144,0.7827380952380952,0.9866071428571429
241739,Universidad Ana G. Mendez-Cupey Campus,PR,2,4540.0,0.3085,0.6858,,7646.0,10006.0,14214.0,24490.0,0.9928,,7646,0.42168999999999995,0.40857492854226213,14484.0,0.002976190476190476,0.044642857142857144,0.019642857142857146,0.9553571428571429,1.0
242617,Inter American University of Puerto Rico-San German,PR,2,2569.0,0.4316,0.7955,,9148.0,7000.0,16380.0,25416.0,0.8304,0.4248,9148,0.54077,0.2754170601196097,18416.0,0.008928571428571428,0.4955357142857143,0.2035714285714286,0.9226190476190477,0.9925595238095238
242626,Inter American University of Puerto Rico-Aguadilla,PR,2,2906.0,0.4288,0.8056,,8742.0,5500.0,16057.0,24776.0,0.8285,0.4176,8742,0.54184,0.2219890216338392,19276.0,0.005952380952380952,0.7738095238095238,0.3130952380952381,0.9315476190476191,0.9910714285714286
242635,Inter American University of Puerto Rico-Arecibo,PR,2,2220.0,0.3892,0.713,,9217.0,6750.0,16625.0,24539.0,0.771,0.382,9217,0.48633999999999994,0.27507233383593466,17789.0,0.004464285714285714,0.5,0.20267857142857143,0.9196428571428571,0.9791666666666666
242653,Inter American University of Puerto Rico-Metro,PR,2,2607.0,0.3881,0.7643,,9788.0,8666.0,16837.0,30821.0,0.6649,0.6972,9788,0.50096,0.28117192823075177,22155.0,0.020833333333333332,0.45535714285714285,0.19464285714285717,0.9032738095238095,0.9568452380952381
242662,Inter American University of Puerto Rico-Ponce,PR,2,2404.0,0.4144,0.6865,,9026.0,4850.0,16065.0,26721.0,0.8036,0.3373,9026,0.49602999999999997,0.1815051831892519,21871.0,0.011904761904761904,0.8973214285714286,0.3660714285714286,0.9285714285714286,0.9836309523809523
242705,Inter American University of Puerto Rico-Bayamon,PR,2,3476.0,0.3492,0.7387,,9284.0,5500.0,16324.0,29936.0,0.8011,0.3962,9284,0.46604999999999996,0.18372528059861037,24436.0,0.01636904761904762,0.8928571428571429,0.3669642857142858,0.9181547619047619,0.9821428571428571
243115,University of Puerto Rico-Arecibo,PR,1,2669.0,0.52,0.7612,10680.0,,4500.0,17710.0,30512.0,0.8896,0.5918,10680,0.59236,0.14748295752490823,26012.0,0.017857142857142856,0.9598214285714286,0.3946428571428572,0.8839285714285714,0.9970238095238095
243133,University of Puerto Rico,PR,1,2851.0,0.3706,0.7784,8484.0,,5500.0,12501.0,34409.0,0.8692,0.3533,8484,0.49293999999999993,0.1598419018280101,28908.999999999996,0.03125,0.9345238095238095,0.3925595238095238,0.9419642857142857,0.9955357142857143
243142,University of Puerto Rico-Carolina,PR,1,2404.0,0.3727,0.7148,12945.0,,4500.0,19396.0,30626.0,0.7603,0.5454,12945,0.4753299999999999,0.1469339776660354,26126.0,0.019345238095238096,0.9613095238095238,0.3961309523809524,0.7961309523809523,0.9776785714285714
243151,University of Puerto Rico at Cayey,PR,1,2069.0,0.4983,0.7593,10176.0,,5000.0,15909.0,30958.0,0.7588,0.53,10176,0.5766,0.16150914141740422,25958.0,0.022321428571428572,0.9300595238095238,0.3854166666666667,0.8943452380952381,0.9761904761904762
243179,University of Puerto Rico-Humacao,PR,1,2529.0,0.4712,0.8133,12675.0,,5500.0,19547.0,29521.0,0.8058,0.548,12675,0.57383,0.186308051895261,24021.0,0.01488095238095238,0.8854166666666666,0.36309523809523814,0.8110119047619048,0.9851190476190477
243197,University of Puerto Rico-Mayaguez,PR,1,9539.0,0.491,0.8701,17936.0,,8000.0,21637.0,48992.0,0.6489,0.5652,17936,0.60473,0.16329196603527107,40992.0,0.24702380952380953,0.9270833333333334,0.5190476190476191,0.4955357142857143,0.9464285714285714
243212,University of Puerto Rico at Ponce,PR,1,2278.0,0.4618,0.7304,10990.0,,5500.0,17193.0,31394.0,0.8262,0.5245,10990,0.54238,0.1751927119831815,25894.0,0.023809523809523808,0.9092261904761905,0.3779761904761905,0.8653273809523809,0.9895833333333334
243221,University of Puerto Rico-Rio Piedras,PR,1,8572.0,0.5026,0.7718,9175.0,,5500.0,15118.0,35723.0,0.6647,0.5459,9175,0.58336,0.15396243316630742,30223.0,0.03720238095238095,0.9494047619047619,0.4020833333333333,0.9211309523809523,0.9553571428571429
243346,Universidad Ana G. Mendez-Carolina Campus,PR,2,4468.0,0.3426,0.7505,,7761.0,10000.0,14113.0,24328.0,0.9046,,7761,0.46497,0.41104899704044723,14328.000000000002,0.001488095238095238,0.03869047619047619,0.01636904761904762,0.9538690476190477,0.9985119047619048
243443,Universidad del Sagrado Corazon,PR,2,4442.0,0.5207,0.7907,,12924.0,11250.0,19728.0,31754.0,0.7148,0.5802,12924,0.6017,0.35428607419537694,20504.0,0.026785714285714284,0.13839285714285715,0.07142857142857142,0.7991071428571429,0.9657738095238095
243577,Universidad Politecnica de Puerto Rico,PR,2,3594.0,0.2808,0.7832,,17540.0,12830.0,23368.0,47540.0,0.6217,,17540,0.43152,0.26987799747580987,34710.0,0.20684523809523808,0.5267857142857143,0.3348214285714286,0.5223214285714286,0.9375
243601,Universidad Ana G. Mendez-Gurabo Campus,PR,2,7868.0,0.314,0.7514,,7051.0,9000.0,14224.0,26223.0,0.8559,,7051,0.44521999999999995,0.343210159020707,17223.0,0.010416666666666666,0.16666666666666666,0.07291666666666667,0.9598214285714286,0.9940476190476191
243744,Stanford University,CA,2,7554.0,0.9192,0.9818,,13807.0,9851.0,87833.0,124080.0,0.1916,0.0361,13807,0.93798,0.0793923275306254,114229.0,0.9970238095238095,1.0,0.9982142857142857,0.7395833333333334,0.19345238095238096
243780,Purdue University-Main Campus,IN,1,44503.0,0.831,0.927,14600.0,,15000.0,24591.0,72424.0,0.1298,0.4987,14600,0.8597999999999999,0.20711366397879155,57424.0,0.8214285714285714,0.8303571428571429,0.825,0.6919642857142857,0.043154761904761904
262086,University of Massachusetts Global,CA,1,4491.0,0.4286,0.6222,32654.0,,18750.0,35325.0,65703.0,0.2246,,32654,0.48667999999999995,0.285375097027533,46952.99999999999,0.7291666666666666,0.4270833333333333,0.6083333333333333,0.1130952380952381,0.2916666666666667
366711,California State University-San Marcos,CA,1,14877.0,0.5456,0.7864,10229.0,,13500.0,21649.0,62908.0,0.4261,0.951,10229,0.61784,0.21459909709416927,49408.0,0.6681547619047619,0.8020833333333334,0.7217261904761905,0.8928571428571429,0.7916666666666666
377555,University of Washington-Bothell Campus,WA,1,5457.0,0.6532,0.8584,12319.0,,12375.0,26908.0,78466.0,0.2864,0.906,12319,0.7147600000000001,0.15771162031962888,66091.0,0.8869047619047619,0.9404761904761905,0.9083333333333333,0.8273809523809523,0.45461309523809523
377564,University of Washington-Tacoma Campus,WA,1,4185.0,0.6324,0.7997,10163.0,,12375.0,25346.0,78466.0,0.3966,0.8252,10163,0.6825899999999999,0.15771162031962888,66091.0,0.8869047619047619,0.9404761904761905,0.9083333333333333,0.8958333333333334,0.7261904761904762
385619,Everglades University,FL,2,2789.0,0.6136,0.7365,,27371.0,18950.0,38913.0,47597.0,0.7201,0.8145,27371,0.65047,0.39813433619765953,28647.000000000004,0.20982142857142858,0.05505952380952381,0.14791666666666667,0.20982142857142858,0.96875
409698,California State University-Monterey Bay,CA,1,6819.0,0.5909,0.7987,13663.0,,11000.0,26987.0,59247.0,0.4317,0.974,13663,0.6532399999999999,0.18566340911776125,48247.0,0.5744047619047619,0.8898809523809523,0.700595238095238,0.7425595238095238,0.8005952380952381
413413,Capella University,MN,3,18364.0,0.2,0.4167,,17956.0,8814.0,22820.0,42189.0,0.3853,,17956,0.26500999999999997,0.20891701628386547,33375.0,0.08035714285714286,0.8214285714285714,0.3767857142857143,0.49404761904761907,0.6889880952380952
426314,Embry-Riddle Aeronautical University-Worldwide,FL,2,9139.0,0.2055,0.6029,,18725.0,14250.0,24878.0,84131.0,0.2551,0.5791,18725,0.32472,0.16937870701643865,69881.0,0.9203869047619048,0.921875,0.9209821428571429,0.46130952380952384,0.36607142857142855
433387,Western Governors University,UT,2,155088.0,0.4618,0.6458,,12548.0,8318.0,16728.0,60615.0,0.3942,,12548,0.517,0.1372267590530397,52297.0,0.6026785714285714,0.96875,0.7491071428571429,0.8162202380952381,0.71875
433660,Florida Gulf Coast University,FL,1,13874.0,0.574,0.8322,12568.0,,11999.0,20807.0,54560.0,0.2788,0.6344,12568,0.6514599999999999,0.21992302052785923,42561.0,0.4107142857142857,0.7827380952380952,0.5595238095238095,0.8139880952380952,0.4211309523809524
436429,Los Angeles Film School,CA,3,5472.0,0.4129,0.5118,,30980.0,15934.0,,31632.0,0.6315,,30980,0.44256999999999996,0.5037303995953465,15698.0,0.025297619047619048,0.010416666666666666,0.019345238095238096,0.14285714285714285,0.9404761904761905
436836,University of Connecticut-Stamford,CT,1,2432.0,0.5654,0.816,16798.0,,18610.0,30122.0,73997.0,0.5071,0.8298,16798,0.6405799999999999,0.251496682297931,55387.0,0.8363095238095238,0.6309523809523809,0.7541666666666667,0.5565476190476191,0.8705357142857143
441900,Nevada State University,NV,1,3762.0,0.3358,0.7877,14068.0,,12547.0,23718.0,53166.0,0.2284,0.8682,14068,0.47136999999999996,0.23599668961366288,40619.0,0.35714285714285715,0.7127976190476191,0.4994047619047619,0.7291666666666666,0.30357142857142855
441937,California State University-Channel Islands,CA,1,5013.0,0.5132,0.7243,9849.0,,12500.0,23561.0,62152.0,0.466,0.9481,9849,0.57653,0.20111983524263097,49652.0,0.6428571428571429,0.8497023809523809,0.7255952380952382,0.8973214285714286,0.8392857142857143
442569,University of Arkansas Grantham,AR,1,2833.0,0.4304,0.3026,8370.0,,8491.0,15318.0,63496.0,0.7181,,8370,0.39205999999999996,0.13372495905253876,55005.0,0.6934523809523809,0.9732142857142857,0.8053571428571429,0.9434523809523809,0.9672619047619048
443331,West Coast University-Texas,TX,3,2673.0,0.3125,1.0,,53020.0,24145.0,55938.0,102672.0,0.4481,,53020,0.51875,0.23516635499454575,78527.0,0.9791666666666666,0.71875,0.875,0.004464285714285714,0.8154761904761905
444787,Nightingale College,UT,3,5986.0,0.2063,0.5,,30852.0,10500.0,,27126.0,0.415,,30852,0.29441,0.38708250387082505,16626.0,0.013392857142857142,0.06547619047619048,0.03422619047619048,0.14732142857142858,0.7619047619047619
445027,American InterContinental University System,AZ,3,7111.0,0.0851,0.3596,,15172.0,9500.0,22256.0,36144.0,0.71,,15172,0.16745,0.2628375387339531,26644.0,0.043154761904761904,0.5729166666666666,0.2550595238095238,0.6666666666666666,0.9627976190476191
445188,University of California-Merced,CA,1,8372.0,0.6872,0.8213,11983.0,,12750.0,39665.0,64368.0,0.5889,0.9053,11983,0.72743,0.19807979120059657,51618.0,0.7113095238095238,0.8556547619047619,0.769047619047619,0.8363095238095238,0.9270833333333334
445267,Central Methodist University-College of Graduate and Extended Studies,MO,2,2092.0,0.0,0.5294,,14601.0,13292.0,22310.0,48991.0,0.3188,0.8753,14601,0.15882,0.2713151395154212,35699.0,0.24553571428571427,0.5193452380952381,0.3550595238095238,0.6904761904761905,0.5416666666666666
446561,Stanbridge University,CA,3,2643.0,0.6209,0.8356,,45372.0,16500.0,,62144.0,0.6119,0.1,45372,0.68531,0.26551235839340886,45643.99999999999,0.6413690476190477,0.5595238095238095,0.6086309523809524,0.019345238095238096,0.9345238095238095
447689,Georgia Gwinnett College,GA,1,11344.0,0.2147,0.6337,15844.0,,9000.0,22547.0,47730.0,0.5181,0.955,15844,0.3404,0.18856065367693275,38730.0,0.21577380952380953,0.8794642857142857,0.48125000000000007,0.6160714285714286,0.8794642857142857
449339,American Public University System,WV,3,40074.0,0.5716,0.9714,,9597.0,10282.0,18768.0,44409.0,0.2455,,9597,0.69154,0.23152964489180122,34127.0,0.12351190476190477,0.7306547619047619,0.36636904761904765,0.90625,0.34523809523809523
450933,Columbia Southern University,AL,3,12176.0,0.3328,0.7099,,14580.0,13980.0,18226.0,63534.0,0.2419,,14580,0.44592999999999994,0.22003966380205875,49554.0,0.6949404761904762,0.78125,0.7294642857142857,0.6934523809523809,0.33407738095238093
454227,Chamberlain University-Illinois,IL,3,14027.0,0.4167,0.7273,,31837.0,16458.0,40826.0,92405.0,0.3328,0.8264,31837,0.50988,0.17810724527893512,75947.0,0.9575892857142857,0.9040178571428571,0.9361607142857142,0.12351190476190477,0.5788690476190477
458210,West Coast University-Anaheim-Orange County,CA,3,3192.0,0.6,1.0,,32879.0,24145.0,34887.0,102672.0,0.411,,32879,0.72,0.23516635499454575,78527.0,0.9791666666666666,0.71875,0.875,0.11011904761904762,0.7507440476190477
458229,West Coast University-Ontario,CA,3,2671.0,0.3889,0.8889,,49590.0,24145.0,53706.0,102672.0,0.4934,,49590,0.5388999999999999,0.23516635499454575,78527.0,0.9791666666666666,0.71875,0.875,0.010416666666666666,0.8586309523809523
458919,Strayer University-Georgia,GA,3,4299.0,0.2143,0.75,,18318.0,14000.0,25158.0,40092.0,0.8178,,18318,0.37500999999999995,0.34919684725132194,26092.0,0.061755952380952384,0.14657738095238096,0.09568452380952382,0.4732142857142857,0.9880952380952381
459949,Texas A&M University-San Antonio,TX,1,6599.0,0.4017,0.6567,11196.0,,12500.0,21655.0,54338.0,0.5084,0.928,11196,0.47819999999999996,0.23004159151974676,41838.0,0.39880952380952384,0.7366071428571429,0.5339285714285714,0.8616071428571429,0.8720238095238095
459994,Strayer University-Global Region,DC,3,9376.0,0.1429,0.6,,17833.0,14000.0,25158.0,40092.0,0.5443,,17833,0.28003,0.34919684725132194,26092.0,0.061755952380952384,0.14657738095238096,0.09568452380952382,0.5014880952380952,0.8928571428571429
460349,Johnson & Wales University-Online,RI,2,2202.0,0.0,0.5217,,20252.0,16334.0,26864.0,43418.0,0.3623,0.9097,20252,0.15651,0.37620341793726103,27083.999999999996,0.10491071428571429,0.08854166666666667,0.09836309523809525,0.38392857142857145,0.6458333333333334
466930,Chamberlain University-Texas,TX,3,2270.0,0.25,0.6087,,32209.0,16458.0,38480.0,92405.0,0.5373,0.8387,32209,0.35761,0.17810724527893512,75947.0,0.9575892857142857,0.9040178571428571,0.9361607142857142,0.11904761904761904,0.8898809523809523
475121,South University-Savannah Online,GA,3,6433.0,0.0689,0.3395,,28049.0,13000.0,34298.0,34421.0,0.796,,28049,0.15008000000000002,0.3776764184654717,21420.999999999996,0.03273809523809524,0.08482142857142858,0.053571428571428575,0.20089285714285715,0.9806547619047619
479956,Pennsylvania State University-World Campus,PA,1,7877.0,0.3415,0.6585,19550.0,,19500.0,27678.0,63435.0,0.3143,0.9115,19550,0.4366,0.3074012768976117,43935.0,0.6882440476190477,0.3072916666666667,0.5358630952380953,0.4107142857142857,0.53125
482149,Augusta University,GA,1,5613.0,0.4881,0.7556,13787.0,,13015.0,23524.0,48472.0,0.3879,0.8641,13787,0.5683499999999999,0.26850552896517577,35457.0,0.23363095238095238,0.5357142857142857,0.35446428571428573,0.7410714285714286,0.7038690476190477
482158,Middle Georgia State University,GA,1,6574.0,0.2533,0.6529,12361.0,,9500.0,19617.0,40863.0,0.4288,0.9968,12361,0.37318,0.2324841543694785,31363.000000000004,0.06994047619047619,0.7291666666666666,0.3336309523809524,0.8258928571428571,0.7976190476190477
482680,University of North Georgia,GA,1,16146.0,0.3729,0.7347,9823.0,,9673.0,18177.0,50135.0,0.2809,0.6794,9823,0.48144,0.19293906452578038,40462.0,0.27529761904761907,0.8675595238095238,0.512202380952381,0.9002976190476191,0.43526785714285715
484473,University of Florida-Online,FL,1,4627.0,0.8468,0.9482,4815.0,,14000.0,17843.0,71588.0,0.2181,0.6126,4815,0.8772199999999999,0.1955635022629491,57587.99999999999,0.8050595238095238,0.8616071428571429,0.8276785714285715,0.9836309523809523,0.27976190476190477
484613,University of Phoenix-Arizona,AZ,3,85991.0,0.2084,0.408,,13520.0,16690.0,19909.0,37752.0,0.4981,,13520,0.26827999999999996,0.4420957830048739,21062.0,0.046130952380952384,0.026785714285714284,0.038392857142857145,0.7544642857142857,0.8616071428571429
486840,Kennesaw State University,GA,1,41254.0,0.522,0.7672,15048.0,,14250.0,24008.0,57552.0,0.3774,0.6919,15048,0.59556,0.2476021684737281,43302.0,0.5163690476190477,0.6547619047619048,0.5717261904761906,0.6711309523809523,0.6785714285714286
487524,Husson University,ME,2,2618.0,0.5935,0.7535,,21005.0,21500.0,35852.0,45025.0,0.3881,0.8095,21005,0.6415,0.47751249305941146,23525.0,0.13988095238095238,0.011904761904761904,0.08869047619047618,0.36160714285714285,0.7053571428571429
490805,Purdue University Northwest,IN,1,5671.0,0.4291,0.657,6079.0,,13031.0,15571.0,48318.0,0.2806,0.7236,6079,0.49746999999999997,0.2696924541578708,35287.0,0.2261904761904762,0.5282738095238095,0.3470238095238095,0.9702380952380952,0.43080357142857145
492962,Indiana Institute of Technology-College of Professional Studies,IN,2,2686.0,0.28,0.5455,,20473.0,12564.0,26033.0,47327.0,0.5526,,20473,0.35965,0.26547214063853614,34763.0,0.20089285714285715,0.5610119047619048,0.3449404761904762,0.3794642857142857,0.8988095238095238
498562,Commonwealth University of Pennsylvania,PA,1,9210.0,0.5448,0.7757,15699.0,,19500.0,25161.0,52416.0,0.3179,0.9309,15699,0.6140699999999999,0.37202380952380953,32916.0,0.3392857142857143,0.09970238095238096,0.24345238095238095,0.625,0.5386904761904762
498571,Pennsylvania Western University,PA,1,7451.0,0.5188,0.7169,18256.0,,16750.0,26916.0,47295.0,0.383,0.9433,18256,0.57823,0.3541600592028756,30545.000000000004,0.19940476190476192,0.13988095238095238,0.1755952380952381,0.47767857142857145,0.6845238095238095
